Name_ID,VASP_ID,VASP_Name,Name_Type,Name,Country
6cc15b7b-e73a-4410-85e0-3a3510ba8602,ad9b4a8f-f758-43a9-8513-62f4411c6a3b,Ark Finance,,UAB GenericIdea,LTU
1d2559d8-02ad-4147-8d80-ead0fc037de3,ad9b4a8f-f758-43a9-8513-62f4411c6a3b,Ark Finance,,Ark Fi,LTU
4ea5d5de-73f3-44cd-aa07-c4dfad6d7930,ef53a1d1-5e87-4bb3-abe9-8db2f17a2fe9,AscendEX,,AscendEX Technology S.R.L.,ROU
debc4fe8-a2e7-4c66-9678-8a3e570a3ffc,ef53a1d1-5e87-4bb3-abe9-8db2f17a2fe9,AscendEX,,AscendEX,SGP
cc5479a1-83dd-4ec1-9212-1a0be5bdb364,ef53a1d1-5e87-4bb3-abe9-8db2f17a2fe9,AscendEX,,BitMax,SGP
340df7d1-deef-4a9e-a9bb-9e4cb40728fa,ef53a1d1-5e87-4bb3-abe9-8db2f17a2fe9,AscendEX,,BITMAX FOUNDATION LTD.,SGP
e6aaa797-20e4-4ff0-85d8-28ebeb07bf90,91554304-d2fc-4052-a698-f42f8d166958,AvaTrade,,AVA Trade EU Ltd,IRL
9b57ef81-6682-4a63-bf6f-c109abc3287a,91554304-d2fc-4052-a698-f42f8d166958,AvaTrade,,AVA Trade Markets Ltd,VGB
6d6e9f6b-73a2-4913-8ede-b76f8282a49a,91554304-d2fc-4052-a698-f42f8d166958,AvaTrade,,Ava Trade Eu Limited Sp. z o.o.,POL
0452afc7-a656-4ecb-b898-14503d166092,91554304-d2fc-4052-a698-f42f8d166958,AvaTrade,,Ava Capital Markets Australia Pty Ltd,AUS
a578110d-c219-4be9-9c2d-4e78c9599e89,91554304-d2fc-4052-a698-f42f8d166958,AvaTrade,,Ava Capital Markets Pty,ZAF
3f50f9ce-8de8-46ed-8f14-2173f0f259a1,91554304-d2fc-4052-a698-f42f8d166958,AvaTrade,,Ava Trade Japan K.K.,JPN
5b6f901c-57ed-43c8-990c-43d5cd262b6d,91554304-d2fc-4052-a698-f42f8d166958,AvaTrade,,Ava Trade Middle East Ltd,ARE
a7bafd90-1cf1-44e5-8c06-e7a92fc2b93e,91554304-d2fc-4052-a698-f42f8d166958,AvaTrade,,ATrade Ltd,ISR
460959fb-5b9d-4ec0-8192-eb6d0c483189,ae0f61a5-7a5e-46d1-a079-be0ccec83c81,Banxa,,Banxa Holdings Inc.,CAN
a11bc1ff-98a9-4471-b121-2044c9277e04,ae0f61a5-7a5e-46d1-a079-be0ccec83c81,Banxa,,A-Labs Capital I Corp.,
188adcda-b042-49be-84c4-be292b94ecf8,ae0f61a5-7a5e-46d1-a079-be0ccec83c81,Banxa,,Global Internet Ventures Pty Ltd,AUS
635522d6-c493-4e79-a6ef-b1adc9603e57,ae0f61a5-7a5e-46d1-a079-be0ccec83c81,Banxa,,BNXA Brazil LTDA,BRA
c4559d31-d82c-4747-90cf-f89a4e890738,ae0f61a5-7a5e-46d1-a079-be0ccec83c81,Banxa,,Richmond Internet Ventures Corporation,CAN
d7231786-4d57-4e92-9c53-abc9ff596a5d,ae0f61a5-7a5e-46d1-a079-be0ccec83c81,Banxa,,LT Internet Ventures UAB,LTU
a0193e30-c354-4902-a134-a4edd5e477bc,ae0f61a5-7a5e-46d1-a079-be0ccec83c81,Banxa,,EU Internet Ventures B.V.,NLD
3fb537f2-b636-4f57-976e-115d7956e49e,ae0f61a5-7a5e-46d1-a079-be0ccec83c81,Banxa,,BNXA UK VASP Limited,GBR
f98320b7-821e-48e9-8107-42268bc7d0ee,ae0f61a5-7a5e-46d1-a079-be0ccec83c81,Banxa,,BNXA USA MTL Inc.,USA
ab807a6e-3127-4e0d-aa2e-2f63c7790b7c,ae0f61a5-7a5e-46d1-a079-be0ccec83c81,Banxa,,BTC Corporation Holdings Pty Ltd,AUS
bacd59a1-79a1-47a8-a99d-a0527f88e10a,ae0f61a5-7a5e-46d1-a079-be0ccec83c81,Banxa,,BC Cloud Mining Pty Ltd,AUS
397ed58d-98f7-45fd-8a1f-17fd6e34a5bc,ae0f61a5-7a5e-46d1-a079-be0ccec83c81,Banxa,,Global Internet Ventures Limited (UK),GBR
a06930d4-3042-432c-a980-f8e7347b83ed,ae0f61a5-7a5e-46d1-a079-be0ccec83c81,Banxa,,Internet SG Ventures Pte Ltd,SGP
24d32a35-7810-4a61-baed-eb54fd56efc7,ae0f61a5-7a5e-46d1-a079-be0ccec83c81,Banxa,,Banxa.com Pty Ltd,AUS
5d25bbc0-e9b7-4369-95b0-bcd0b44d5bf6,ae0f61a5-7a5e-46d1-a079-be0ccec83c81,Banxa,,RhinoLoft Pty Ltd,AUS
eb925b3f-1b23-42a3-a7b6-8c8847d6e382,ae0f61a5-7a5e-46d1-a079-be0ccec83c81,Banxa,,BTC Sing SPV Pte Ltd,SGP
b5e76242-1d7a-4b88-a996-e07ac78527d4,ae0f61a5-7a5e-46d1-a079-be0ccec83c81,Banxa,,BNXA USA Holding Inc,USA
7037bee1-e8ed-4d46-8da8-447b92786173,ae0f61a5-7a5e-46d1-a079-be0ccec83c81,Banxa,,BNXA USA Operating Inc,USA
c19885b5-8f22-49ef-8a23-9756dcab83ea,ae0f61a5-7a5e-46d1-a079-be0ccec83c81,Banxa,,BNXA USA NV Inc,USA
8a5dbfba-cdc9-48c8-a040-ec3ead939669,ae0f61a5-7a5e-46d1-a079-be0ccec83c81,Banxa,,BNXA Teknoloji Anonim Sirketi,TUR
eca5927d-a488-4bd9-bf1e-563c1a43bfe4,ae0f61a5-7a5e-46d1-a079-be0ccec83c81,Banxa,,AXNAB,USA
345170c1-3917-4824-a612-17d2cacc0277,572de404-20d2-45a3-881e-b907ea319e7a,Binance.US,,BAM Trading Services Inc.,USA
fda13953-7c83-4c27-b50d-e2b8298f18f3,4abb7ef9-49bb-4adf-8c05-7364333e3260,Binance,,Binance France SAS,FRA
78c47d1e-bed1-4304-83f9-85294ee090f8,4abb7ef9-49bb-4adf-8c05-7364333e3260,Binance,,Binance Italy SRL,ITA
83de8bad-85f0-4d45-acf2-bf7e482fdd8b,4abb7ef9-49bb-4adf-8c05-7364333e3260,Binance,,Bifinity UAB,LTU
b570cf55-cef7-4ec3-8dea-42e52c906b92,4abb7ef9-49bb-4adf-8c05-7364333e3260,Binance,,Binance UAB,LTU
a6ce7326-5af6-48c8-aadb-0110414e369f,4abb7ef9-49bb-4adf-8c05-7364333e3260,Binance,,"Binance Spain, S.L.",ESP
55d20a72-9cf0-49e7-9ef5-ef7b48dd5482,4abb7ef9-49bb-4adf-8c05-7364333e3260,Binance,,Binance Poland Spółka z Ograniczoną Odpowiedzialnością,POL
1a83547d-afc9-42cc-b16d-e0bf7f74a318,4abb7ef9-49bb-4adf-8c05-7364333e3260,Binance,,Binance Nordics AB,SWE
015fd241-d384-4493-b325-b7b65c1e350d,4abb7ef9-49bb-4adf-8c05-7364333e3260,Binance,,BN KZ Technologies Limited,KAZ
ae3dbdf0-e733-4a07-974f-bbbd678a4c3b,4abb7ef9-49bb-4adf-8c05-7364333e3260,Binance,,Binance (AD) Limited,ARE
012b8a64-a20d-4f20-ad74-7dcadc582b29,4abb7ef9-49bb-4adf-8c05-7364333e3260,Binance,,Binance Bahrain BSC,BHR
3bb25fbf-3fe0-440c-b9c4-6af6cd85eca8,4abb7ef9-49bb-4adf-8c05-7364333e3260,Binance,,Binance FZE,ARE
01177171-be21-41a0-bbb7-99545af99e5a,4abb7ef9-49bb-4adf-8c05-7364333e3260,Binance,,InvestbyBit Pty Ltd,AUS
c88bb58c-dbd2-4f46-bc4d-16b16383e102,4abb7ef9-49bb-4adf-8c05-7364333e3260,Binance,,Binance International Limited,
b676f06d-5a95-424d-9163-5845602d329c,4abb7ef9-49bb-4adf-8c05-7364333e3260,Binance,,PT. ASET DIGITAL BERKAT,IDN
ea387866-985f-4161-937e-add86ced0c16,4abb7ef9-49bb-4adf-8c05-7364333e3260,Binance,,Binance Japan Inc.,JPN
ef4e1b0c-9191-422d-9903-f3da3efd58dc,4abb7ef9-49bb-4adf-8c05-7364333e3260,Binance,,Investbybit Limited,NZL
30882460-bba5-4988-bf60-e767dcb72b8e,4abb7ef9-49bb-4adf-8c05-7364333e3260,Binance,,"Bmex Techfin, S. de R.L. de C.V.",MEX
3bc89dd2-3d6e-4746-b91e-55726d8744ba,4abb7ef9-49bb-4adf-8c05-7364333e3260,Binance,,Binance El Salvador S.A. de C.V.,SLV
c64f8cb7-b775-4c6a-ac4c-4bf11e3706c4,4abb7ef9-49bb-4adf-8c05-7364333e3260,Binance,,Binance Services Latinoamérica S.A. de C.V.,ARG
cd33b9bd-d3de-4646-98a0-1f4d137efedf,4abb7ef9-49bb-4adf-8c05-7364333e3260,Binance,,Brickhouse Trading Ltd,ZAF
c1132e94-aa32-4c0d-960f-ef8588227a59,4abb7ef9-49bb-4adf-8c05-7364333e3260,Binance,,Fivewest Otc Desk (Pty) Ltd,ZAF
b0d6519e-2183-42ab-841d-3f748a6893d3,4e3e28bd-bba5-402b-88de-ed5ffe1c02f3,BingX,,Bingbon,SGP
00519e8d-5546-4e4d-88bc-8f09b9c094b3,4e3e28bd-bba5-402b-88de-ed5ffe1c02f3,BingX,,BingX,SGP
faa96f90-09c8-41eb-9c21-61eca5b8b744,4e3e28bd-bba5-402b-88de-ed5ffe1c02f3,BingX,,BINGX CA LIMITED,CAN
28311345-76a5-4c3c-8906-1ec153401553,4e3e28bd-bba5-402b-88de-ed5ffe1c02f3,BingX,,BINGX PAY LIMITED,CAN
49425ba0-ed41-4ced-9ea5-dc31b4372a58,4e3e28bd-bba5-402b-88de-ed5ffe1c02f3,BingX,,"UAB ""Bingx EU""",LTU
8bfc29be-71cd-4aa4-ae8d-af55b07aa083,4e3e28bd-bba5-402b-88de-ed5ffe1c02f3,BingX,,BINGX GLOBAL PTY LTD,AUS
bb2aa723-6743-4606-bde5-e15e57523a94,4e3e28bd-bba5-402b-88de-ed5ffe1c02f3,BingX,,BINGX AU PTY LTD,AUS
416140f2-bc1a-4de4-89ab-99d2d21ccc86,4e3e28bd-bba5-402b-88de-ed5ffe1c02f3,BingX,,BingX Limited,VGB
aeea1bc8-5350-4835-83dd-b47a5d42c284,4e3e28bd-bba5-402b-88de-ed5ffe1c02f3,BingX,,BINGXCOINS LIMITED,USA
5b2fa786-f852-44b3-8a54-6629d7f9e1ff,4e3e28bd-bba5-402b-88de-ed5ffe1c02f3,BingX,,BINGX SG PTE. LTD.,SGP
dddd9afa-d23a-444c-a37a-bb94e4f78664,4e3e28bd-bba5-402b-88de-ed5ffe1c02f3,BingX,,BINGBON PTE. LTD.,SGP
c9c900f9-d6bd-44c9-9f32-1414331d0450,f1aeb13d-abac-4bf3-a981-050b4f53236e,Bit2me,,"BITCOINFORME, S.L.",ESP
877906ae-b3c2-4bf8-ba1b-7cfd12ecbe64,f1aeb13d-abac-4bf3-a981-050b4f53236e,Bit2me,,Bit2me,ESP
77d3abb9-75be-4150-ac2f-3c8ba15c6c0a,dfd6561b-d803-4bb8-bce4-e97f3bda8c52,BitFlyer,,"bitFlyer, Inc.",JPN
a246a8fb-7606-43a1-a807-2e7cd86a5a6b,dfd6561b-d803-4bb8-bce4-e97f3bda8c52,BitFlyer,,"BitFlyer USA, Inc. ",USA
721da62c-8396-4da2-932c-7fd00b0286d8,dfd6561b-d803-4bb8-bce4-e97f3bda8c52,BitFlyer,,bitFlyer EUROPE S.A.,LUX
93d34b3f-f820-4221-bcaa-80adc6c9a68a,e2140447-6250-46e5-828a-2068bccc374d,Bitget,,BTG Technology Holdings Limited,GBR
2a182f3f-201e-4245-9c77-55b86a27a602,e2140447-6250-46e5-828a-2068bccc374d,Bitget,,SINGAPORE BITGET PTE. LTD.,SGP
c2bc5def-e37b-42b6-bc8e-eb64f9b389f6,e2140447-6250-46e5-828a-2068bccc374d,Bitget,,BGR Tech Limited,IND
2f2c6570-00d3-49ff-b2d0-8cb6544a4208,e2140447-6250-46e5-828a-2068bccc374d,Bitget,,BG Limited,GBR
6322f823-5cb1-43f7-9827-6de21fc154ff,e2140447-6250-46e5-828a-2068bccc374d,Bitget,,BitKeep,GBR
ef5ef136-4aba-46d7-aadd-f218f07aad3a,581cc0b3-50a5-429e-9d4c-321832305488,Bitpanda,,Bitpanda GmbH,AUT
3da77e80-bbb0-4506-9b80-43923f9104b9,581cc0b3-50a5-429e-9d4c-321832305488,Bitpanda,,Bitpanda Group AG,CHE
3c93a7e2-4ebc-442a-bd17-6afef00d4288,581cc0b3-50a5-429e-9d4c-321832305488,Bitpanda,,Bitpanda Metals GmbH,AUT
8df55f51-2c20-4daa-9856-03444e4bb5d9,581cc0b3-50a5-429e-9d4c-321832305488,Bitpanda,,Bitpanda Payments GmbH,AUT
504c5e19-1718-4ce5-8f47-b58b15593d4e,581cc0b3-50a5-429e-9d4c-321832305488,Bitpanda,,Bitpanda Financial Services GmbH,AUT
2f5cf1b0-0f91-420f-a058-35d07e8e64ae,581cc0b3-50a5-429e-9d4c-321832305488,Bitpanda,,Bitpanda Customer Care GmbH,AUT
1c299392-1b55-4d2c-82aa-3d87020c71fa,581cc0b3-50a5-429e-9d4c-321832305488,Bitpanda,,Bitpanda Custody Ltd,GBR
7db73b51-06fb-4075-a588-4947250a8921,581cc0b3-50a5-429e-9d4c-321832305488,Bitpanda,,Pantos GmbH,AUT
961731a7-075a-4a37-a9ab-692bf3a133dd,581cc0b3-50a5-429e-9d4c-321832305488,Bitpanda,,Bitpanda Asset Management GmbH,DEU
fbd5e9c1-0cf8-4df0-ada6-f7e2cd746a5e,581cc0b3-50a5-429e-9d4c-321832305488,Bitpanda,,Bitpanda Teknoloji A.Ş,TUR
6743cc45-6e50-4436-b9d1-0ff333086b4c,581cc0b3-50a5-429e-9d4c-321832305488,Bitpanda,,BITPANDA ISSUANCE GMBH,DEU
d2dd2eaf-7123-441a-920e-8b043314fd87,581cc0b3-50a5-429e-9d4c-321832305488,Bitpanda,,Blitz B21-513 GmbH,DEU
24e0ba1a-0630-4adb-b10c-cd05af9e0c8b,581cc0b3-50a5-429e-9d4c-321832305488,Bitpanda,,Bitpanda Financial Services GmbH (Berlin Branch),DEU
f5832d3c-e744-4f04-81ca-4502c9e25ba4,581cc0b3-50a5-429e-9d4c-321832305488,Bitpanda,,Bitpanda GmbH (Berlin Branch),DEU
f8481bd4-25e9-4b36-8d65-6ad964c07c64,581cc0b3-50a5-429e-9d4c-321832305488,Bitpanda,,Coinimal GmbH,AUT
ae1b0aad-65c8-4845-854a-8861dd2f063c,581cc0b3-50a5-429e-9d4c-321832305488,Bitpanda,,Bitpanda GmbH Swedish Filial,SWE
bce8cdd8-076d-4e6e-8bba-9c588b2c3c65,581cc0b3-50a5-429e-9d4c-321832305488,Bitpanda,,Bitpanda GmbH Czech Republic,CZE
68ff850f-9552-4d3e-9e2b-a624d629b222,581cc0b3-50a5-429e-9d4c-321832305488,Bitpanda,,Bitpanda Pro Exchange B.V.,NLD
cb0b894a-5caf-4bb9-b3c5-731f01cc1e4e,581cc0b3-50a5-429e-9d4c-321832305488,Bitpanda,,Bitpanda Pro Germany GmbH,DEU
e6ae0e28-06a3-4cfc-b32d-f0879cb52032,581cc0b3-50a5-429e-9d4c-321832305488,Bitpanda,,BITPANDA BROKER UK LTD,GBR
65a0239c-eb59-4b34-af73-5ab99d52f707,581cc0b3-50a5-429e-9d4c-321832305488,Bitpanda,,BITPANDA FINANCIAL SERVICES UK LIMITED,GBR
88fc9387-901c-4742-aabf-f544198ebf84,581cc0b3-50a5-429e-9d4c-321832305488,Bitpanda,,"BITPANDA GMBH, UK ESTABLISHMENT",GBR
fb703e97-e113-4128-acc5-54dc703b3872,581cc0b3-50a5-429e-9d4c-321832305488,Bitpanda,,BITPANDA TECHNOLOGY UK LIMITED,GBR
456e5d85-d9a5-48d2-a65b-61ea093fa556,581cc0b3-50a5-429e-9d4c-321832305488,Bitpanda,,BITPANDA UK LIMITED,GBR
54ed941c-c6c8-42e2-8e4e-9f23a4d8864e,581cc0b3-50a5-429e-9d4c-321832305488,Bitpanda,,BITPANDA UK HOLDING LTD.,GBR
ad1d6c3a-92d7-421a-bb63-62d2695e994a,581cc0b3-50a5-429e-9d4c-321832305488,Bitpanda,,CRP TECHNOLOGIES LIMITED,GBR
2358b209-1968-415e-aaef-52240a90cbc4,581cc0b3-50a5-429e-9d4c-321832305488,Bitpanda,,COMMERCIAL RAPID PAYMENT TECHNOLOGIES LIMITED,GBR
e1e75203-e425-433f-8df9-22bf2b912abc,581cc0b3-50a5-429e-9d4c-321832305488,Bitpanda,,TRUSTOLOGY Ltd,GBR
75eab787-81fe-4932-b2a2-cda0c25f52da,581cc0b3-50a5-429e-9d4c-321832305488,Bitpanda,,TRUSTOLOGY Limited,GBR
1c04c3dd-a537-4ade-b898-c813069879b4,581cc0b3-50a5-429e-9d4c-321832305488,Bitpanda,,BITPANDA CUSTODY MENA DMCC,UAE
0f8416c9-a4e6-43f4-940e-2cd4f31f9911,581cc0b3-50a5-429e-9d4c-321832305488,Bitpanda,,BITPANDA MENA DMCC,UAE
99f58d52-043f-4413-93ea-208714a1e6b8,581cc0b3-50a5-429e-9d4c-321832305488,Bitpanda,,BITPANDA BROKER MENA DMCC,UAE
3f105a6c-fcec-4f58-93ef-308f6573c247,581cc0b3-50a5-429e-9d4c-321832305488,Bitpanda,,Bitpanda Technology sp.z.o.o.,POL
d4e9dfcc-7811-4e52-9de8-52a6fcd9e740,581cc0b3-50a5-429e-9d4c-321832305488,Bitpanda,,BP23 Holding Ltd,MLT
fa0434aa-d5ef-4607-80ea-96bf6c4d2aac,581cc0b3-50a5-429e-9d4c-321832305488,Bitpanda,,BP Group Services GmbH,AUT
d8a300fc-6ae2-4053-919c-c21fca3e4c71,581cc0b3-50a5-429e-9d4c-321832305488,Bitpanda,,BP23 CA LTD.,MLT
c8fbb8ba-7688-4c58-abf3-9ce5170d9a3b,581cc0b3-50a5-429e-9d4c-321832305488,Bitpanda,,BP23 PAY LTD.,MLT
a51307e6-b184-44ed-8c2f-c26124a8add4,fd6f4ad2-11d9-453d-a308-21bf1326e691,Bitstamp,,"Bitstamp USA, Inc",USA
d212e1b4-c36f-4364-925c-3c49e297c3b7,fd6f4ad2-11d9-453d-a308-21bf1326e691,Bitstamp,,BITSTAMP LIMITED,GBR
b9e8774f-fd70-4984-a3ce-5a8d5c930db4,fd6f4ad2-11d9-453d-a308-21bf1326e691,Bitstamp,,BITSTAMP,
c0a96b7a-981e-4dde-986b-fd2bd7f4b165,fd6f4ad2-11d9-453d-a308-21bf1326e691,Bitstamp,,Bitstamp Europe S.A.,LUX
e6253320-2eb8-4487-a4c6-a5f38268c977,fd6f4ad2-11d9-453d-a308-21bf1326e691,Bitstamp,,Bitstamp Ltd.,GBR
099f87f8-60f6-4ad2-8181-20c99b269dbc,af9f0a20-a549-499f-abbf-8a6f6cb570b7,Bitvavo,,Bitvavo B.V.,NLD
e3f04ab0-13a8-47fa-b578-0892db583c63,689d49da-145f-48d9-b045-c417e23921ae,Blockchain.com,,"Blockchain (LT), UAB",LTU
98225166-e151-4abd-96ed-d25e5472add4,689d49da-145f-48d9-b045-c417e23921ae,Blockchain.com,,"Blockchain.com, Inc.",USA
3726072e-f0ae-44bb-9b3a-8a4a77789f14,689d49da-145f-48d9-b045-c417e23921ae,Blockchain.com,,BC Access (Nigeria) Limited,NGA
93ed633c-d278-45ac-9780-b03aefb3980c,689d49da-145f-48d9-b045-c417e23921ae,Blockchain.com,,Blockchain Access (Ireland) Limited,IRL
7cf97c01-a698-4463-99af-5c70c8d79a2c,689d49da-145f-48d9-b045-c417e23921ae,Blockchain.com,,Blockchain.com (BVI) Limited,VGB
dbc07298-665d-4af3-ac17-3f1f59d69b0a,689d49da-145f-48d9-b045-c417e23921ae,Blockchain.com,,Blockchain.com (Cayman) Limited,CYM
91031e91-7075-4262-a2ac-3e7255cf3558,689d49da-145f-48d9-b045-c417e23921ae,Blockchain.com,,BLOCKCHAIN.COM ASSET MANAGEMENT (UK) LIMITED,GBR
7a193249-6fd1-4565-bdc9-3b05e8f53a42,689d49da-145f-48d9-b045-c417e23921ae,Blockchain.com,,Blockchain Access UK Ltd,GBR
4a603bcf-54d1-4461-8c8d-679dcd9f24a4,689d49da-145f-48d9-b045-c417e23921ae,Blockchain.com,,Blockchain.com (BVI) II Limited,VGB
8b31cb9c-65c2-430c-97f9-fea8b4ce222c,689d49da-145f-48d9-b045-c417e23921ae,Blockchain.com,,Blue Cube Access (Global) Limited,
4f273dcb-0207-4e85-9420-3a385964d2d4,689d49da-145f-48d9-b045-c417e23921ae,Blockchain.com,,Blockchain.com (Singapore) Pte. Ltd.,SGP
57579a80-4d44-4cc7-afa4-a9086dc14f43,689d49da-145f-48d9-b045-c417e23921ae,Blockchain.com,,Blockchain.com FR SAS,FRA
5823bf21-1de4-4038-b94f-50a12e48f3a7,1d6e284c-1d54-43b9-b1c9-d52df1cf2bbd,Bybit,,Bybit Fintech Limited,GBR
dadc62ec-29fc-4492-b3fe-3a8ff7afaea0,1d6e284c-1d54-43b9-b1c9-d52df1cf2bbd,Bybit,,"OnlyChain Fintech Limited, UAB",LTU
6385d489-bf58-4b54-a26c-e61790f7d5db,1d6e284c-1d54-43b9-b1c9-d52df1cf2bbd,Bybit,,Bybit Fintech FZE,ARE
c2b299ca-581c-437b-8b79-4e5787a5859b,58276b0f-fa0e-47da-9f14-8be1c217222f,Cash App,,Block Inc,USA
42814e49-6d0e-42d7-b6a3-94020dd26755,39cf9de0-6de7-4d58-a85a-7eeccc96f77b,Cex.io,,CEX.IO Corp.,USA
7168c8ed-88e8-41da-a6a0-df9b3c9f0a9c,39cf9de0-6de7-4d58-a85a-7eeccc96f77b,Cex.io,,"CEX.IO EU VASP, UAB",LTU
0753a1d1-1cd9-4363-ad4d-7c32ccf96b00,39cf9de0-6de7-4d58-a85a-7eeccc96f77b,Cex.io,,CEX OVRS LLC,KNA
726f0201-7ca4-4a45-a086-f1284a1fc040,39cf9de0-6de7-4d58-a85a-7eeccc96f77b,Cex.io,,CEX.IO LTD,GBR
1e7acbef-3ca4-4d1b-ae4a-00d39d0d93ee,1e7acbef-3ca4-4d1b-ae4a-00d39d0d93ee,CoinCorner,,CoinCorner Ltd,IMN
f6eb647e-1e4a-4f4a-9536-55622e3d756b,1e7acbef-3ca4-4d1b-ae4a-00d39d0d93ee,CoinCorner,,COINCORNER (UK) LTD,GBR
8fa8d5ab-4195-4f61-93e2-d759c6eda880,6896b296-6abd-4e58-9e1a-ba02d2d55886,CoinJar,,CoinJar Australia Pty Ltd,AUS
de68ca9c-91c0-4b06-b3c4-fd3afd31ba3f,6896b296-6abd-4e58-9e1a-ba02d2d55886,CoinJar,,CoinJar,AUS
9708d00e-36cb-4a8c-a274-630e7c994710,6896b296-6abd-4e58-9e1a-ba02d2d55886,CoinJar,,CoinJar UK Limited,GBR
ccc429a5-b036-440f-a04f-85697fb6896c,6896b296-6abd-4e58-9e1a-ba02d2d55886,CoinJar,,"Coin Jar Investments Pty Ltd,",AUS
d986810c-2044-4b08-b75d-ca4b893e26ba,7d4f6e6c-fce8-4e3c-b0dd-9a860a1035b5,Coinbase,,"Coinbase Global, Inc.",USA
c8cffbf9-9246-4cce-8088-1c3cf97d0c05,7d4f6e6c-fce8-4e3c-b0dd-9a860a1035b5,Coinbase,,Coinbase Financial Services Europe Ltd.,DEU
8988d53e-83bb-4122-b72b-8b2796e04782,7d4f6e6c-fce8-4e3c-b0dd-9a860a1035b5,Coinbase,,Coinbase Germany GmbH,DEU
d558d42d-8c3f-4dc2-9a68-0c8bd0a1ae5a,7d4f6e6c-fce8-4e3c-b0dd-9a860a1035b5,Coinbase,,Coinbase Europe Limited,IRL
25e98138-2f13-4cce-9bec-2713459c6cd7,7d4f6e6c-fce8-4e3c-b0dd-9a860a1035b5,Coinbase,,Coinbase Custody International Limited,IRL
9ee610ce-d87e-49c2-844c-b8ca7be8216e,7d4f6e6c-fce8-4e3c-b0dd-9a860a1035b5,Coinbase,,CB Payments Ltd,GBR
44b83775-fedc-4209-8394-bb2834a58942,0d41e81a-e9e7-432e-9cc9-2db495efb9a9,Coinmetro,,Coinmetro OÜ,EST
d36a07eb-36b7-447c-95df-1dded9074193,0d41e81a-e9e7-432e-9cc9-2db495efb9a9,Coinmetro,,CoinMetro Limited,GBR
f094b0c3-d3ec-466b-9ee3-29e3fdb83234,0d41e81a-e9e7-432e-9cc9-2db495efb9a9,Coinmetro,,CoinMetro Pty Ltd,AUS
786e5fa2-5e8c-4b83-a429-54262f1e77c0,0d41e81a-e9e7-432e-9cc9-2db495efb9a9,Coinmetro,,CoinMetro Inc.,USA
65d4a722-8622-4656-afb5-b33a9bc74922,0d41e81a-e9e7-432e-9cc9-2db495efb9a9,Coinmetro,,Coinmetro Group Oü,EST
a01e5f33-1955-4085-8dbe-9cb57b000e7e,a002405f-8946-4133-b598-bc543510ad8a,Crypto.com,,FORIS DAX UK LIMITED,GBR
f547d160-8282-4395-aa47-6f6f3e9659a6,a002405f-8946-4133-b598-bc543510ad8a,Crypto.com,,FORISGFS UK LIMITED,GBR
a9806927-03fe-41ae-89bf-48faa7eb8bed,a002405f-8946-4133-b598-bc543510ad8a,Crypto.com,,ForisGFS UK Limited,GBR
d9c930b8-a86e-4352-a810-33c2a06758a2,a002405f-8946-4133-b598-bc543510ad8a,Crypto.com,,FORIS MT LIMITED,MLT
53a99bdc-41ce-44d2-a226-6be436725a49,c20f4352-2a20-47ce-97de-f4e9201bc5c7,Deepcoin,,DEEPCOIN US LIMITED,USA
558f0f74-e5c4-4e48-b27c-2dab5ce8e601,c20f4352-2a20-47ce-97de-f4e9201bc5c7,Deepcoin,,DEEPCOIN LIMITED,CAN
11da5d16-7718-44ee-8aac-301875d4aeb6,c20f4352-2a20-47ce-97de-f4e9201bc5c7,Deepcoin,,DEEPCOIN LABS DMCC,UAE
b4711133-2d1d-47e9-82d9-e95f2b735a43,c20f4352-2a20-47ce-97de-f4e9201bc5c7,Deepcoin,,DEEPCOIN - FZCO,UAE
0dc0e2f5-a3e7-4338-897a-71de0051d4fe,c20f4352-2a20-47ce-97de-f4e9201bc5c7,Deepcoin,,DEEPCOIN PTE. LTD.,SGP
08a7b9ab-5f21-4a89-aaad-93c9040c59d8,c20f4352-2a20-47ce-97de-f4e9201bc5c7,Deepcoin,,Deep Custodian Limited,HKG
daed635b-b958-4e2a-8636-fbd7673e7e30,eb472792-66b8-40a5-b864-76882f7a7859,Delta Exchange,,Excelium Technologies Private Limited,
9db8f71e-153a-4c95-a64c-86f4489e9fab,fa812b99-1e84-4f2c-8c6b-58ce1e7d0e29,Dzengi,,Dzengi сlosed joint stock company,
6896c25e-65de-47ae-95e0-2b9587bedb46,fa812b99-1e84-4f2c-8c6b-58ce1e7d0e29,Dzengi,,Dzengi Com CJSC,BLR
60b4deb6-c6d3-4823-ae8c-e9382eb26dd9,89800d6d-b19c-4328-be2c-ea77f98300f6,EXMO,,EXMO Poland Sp. z o.o.,POL
3a9d8eaf-edf6-44a0-92a9-d2219d5ebfce,89800d6d-b19c-4328-be2c-ea77f98300f6,EXMO,,UAB EXMO EXCHANGE,LTU
09b27fbf-531e-4baa-94dd-799909dd4c87,89800d6d-b19c-4328-be2c-ea77f98300f6,EXMO,,EXMO EXCHANGE LTD.,GBR
5cb18f37-1e0a-49b2-b136-409f68a53c9d,89800d6d-b19c-4328-be2c-ea77f98300f6,EXMO,,EXMO TRADING SL LTD.,LCA
b4133a2a-d16a-4751-8495-ee51373ad58d,89800d6d-b19c-4328-be2c-ea77f98300f6,EXMO,,EXMO FINANCE LLP,GBR
949dc43c-99bb-4b0d-9566-30112a903268,89800d6d-b19c-4328-be2c-ea77f98300f6,EXMO,,EXMO PAYMENTS LTD.,GBR
61572899-11c8-4189-a951-43c63ac78759,3de4c409-0fa1-4b43-a0b9-b9930f7ab446,Gate.io,,Hippo Financial Services Limited,HKG
1ddc78f2-18bc-4a86-8ab3-3ef27fb6f480,3de4c409-0fa1-4b43-a0b9-b9930f7ab446,Gate.io,,Hippo Capital Co. Limited,GIB
0ce5f8c1-42f4-4e85-ab9e-6984e4cf6aac,3de4c409-0fa1-4b43-a0b9-b9930f7ab446,Gate.io,,Gate Technology Ltd.,MLT
2bdb6871-c963-4c52-913f-b33f45227304,3de4c409-0fa1-4b43-a0b9-b9930f7ab446,Gate.io,,Gate.MT,MLT
d1606083-97df-490d-a883-eefefdc0c1a8,3de4c409-0fa1-4b43-a0b9-b9930f7ab446,Gate.io,,Gate Italy S.R.L,ITA
07028650-5b4d-4078-b169-802819d66c40,3de4c409-0fa1-4b43-a0b9-b9930f7ab446,Gate.io,,Gate Information Pty Ltd,AUS
8b0a0f54-4cdd-4345-8c45-a0605d5adde5,3de4c409-0fa1-4b43-a0b9-b9930f7ab446,Gate.io,,Gate Global UAB,LTU
c2678a91-2556-4bf8-ab78-0eb856ddf140,3de4c409-0fa1-4b43-a0b9-b9930f7ab446,Gate.io,,Gate MENA DMCC,ARE
67c3faf8-f598-4a40-95f4-9f7d7f71d44b,3de4c409-0fa1-4b43-a0b9-b9930f7ab446,Gate.io,,Gate Global Limited,BHS
1803050f-34fe-4931-8458-337db7269020,b359a823-691c-47c2-88d4-e071119d30ec,Gemini,,GEMINI INTERGALACTIC EUROPE LIMITED,IRL
c3f24217-d094-4d40-8db2-13ec9be4162e,b359a823-691c-47c2-88d4-e071119d30ec,Gemini,,Gemini Payments Europe Limited,IRL
e112b419-f6b7-4d54-baef-a73336e44d44,b359a823-691c-47c2-88d4-e071119d30ec,Gemini,,Gemini Intergalactic Europe Limited,IRL
4cc0fcbc-6d17-4632-8673-00daaae604e1,b359a823-691c-47c2-88d4-e071119d30ec,Gemini,,"Gemini Payments UK, LTD",GBR
2a01acfe-c257-4c96-b090-bf0ca772675d,b359a823-691c-47c2-88d4-e071119d30ec,Gemini,,"GEMINI INTERGALACTIC UK, LTD",GBR
c0870d4a-10e4-42af-864c-2d1da7ec8c11,c3544c3b-d739-4928-bc69-6192efce5c5c,Guardarian,,Guardarian OÜ,EST
7bec7c24-bf1d-4eb9-a30e-436444992bea,c3544c3b-d739-4928-bc69-6192efce5c5c,Guardarian,,Guardance UAB,LTU
901bf49a-c3d7-4592-bfea-6fbc762f6893,c3544c3b-d739-4928-bc69-6192efce5c5c,Guardarian,,FinSeven CZ s.r.o,CZE
68d11069-e314-4d2f-ba7d-6d88bc0405ce,a2112108-2978-4522-85a6-0a8c50344013,HTX,,Huobi,
16ad2b1e-7aaa-46ee-bdb5-f03a00600a8b,a2112108-2978-4522-85a6-0a8c50344013,HTX,,HTX,SYC
25423776-cc68-4d63-9bd8-835fe7b7add2,a2112108-2978-4522-85a6-0a8c50344013,HTX,,Huobi Investment FZE,ARE
c6d8c8f7-26d8-4abe-8319-36d6f0b17d03,a2112108-2978-4522-85a6-0a8c50344013,HTX,,Safe Glory UAB,LTU
526508c2-c6c2-4cf5-804a-312617ec05f1,a2112108-2978-4522-85a6-0a8c50344013,HTX,,HuobiPay UAB,LTU
f901b7ab-2145-4c8a-816b-2a91b8061262,a2112108-2978-4522-85a6-0a8c50344013,HTX,,Brtuomi Worldwide Limited,VGB
fd58b763-5552-4df5-b152-9bc78a787d2a,a2112108-2978-4522-85a6-0a8c50344013,HTX,,Huobi Global Limited,SYC
147ee96d-5dc4-48d7-9e74-8b1b533682f3,a2112108-2978-4522-85a6-0a8c50344013,HTX,,Huobi Technology (Gibraltar) Co.,GIB
10460f43-1b94-451d-884d-b2caa76dcd29,c9d37d78-6695-47a2-a210-c32fd90d56e3,IG Group,,IG Group Holdings plc,GBR
6df5da4d-f548-4aa2-99d0-a9caedfa67a5,c9d37d78-6695-47a2-a210-c32fd90d56e3,IG Group,,IG Markets Limited,GBR
f1740b43-f85b-4f91-9ec8-ac70fc4b3200,c9d37d78-6695-47a2-a210-c32fd90d56e3,IG Group,,IG Index Limited,GBR
e5c0d2d5-8fc1-4b7c-a918-d1a6ea41e61a,c9d37d78-6695-47a2-a210-c32fd90d56e3,IG Group,,IG,GBR
bae550f8-03e4-44cd-8d2c-069b1eb8d049,c9d37d78-6695-47a2-a210-c32fd90d56e3,IG Group,,IG Group,GBR
2e4e1ec7-f77a-42e2-bb6f-a6d85099582e,c9d37d78-6695-47a2-a210-c32fd90d56e3,IG Group,,IG GROUP HOLDINGS LIMITED,GBR
4db3316e-e2e4-470f-8522-4277da2a541a,c9d37d78-6695-47a2-a210-c32fd90d56e3,IG Group,,DMWSL 404 PLC,GBR
0088c0e0-c84c-4f1f-b2c3-138143b0b825,c9d37d78-6695-47a2-a210-c32fd90d56e3,IG Group,,IG Bank S.A,CHE
819c4aa2-b755-43ec-9790-ae397d8b7410,c9d37d78-6695-47a2-a210-c32fd90d56e3,IG Group,,IG Europe GmbH,
5af8a65b-dc48-4e0b-9737-ae8e7179d264,c9d37d78-6695-47a2-a210-c32fd90d56e3,IG Group,,IG KNOWHOW LIMITED Sp. z o.o.,POL
43f33ffe-bc59-42a9-ac27-687637c0a590,c9d37d78-6695-47a2-a210-c32fd90d56e3,IG Group,,IG Australia Pty Limited,AUS
3a13841f-0322-4eb8-93da-5b137f99ae5d,c9d37d78-6695-47a2-a210-c32fd90d56e3,IG Group,,IG INDEX (AUSTRALIA) PTY. LTD.,AUS
c6fd0318-63d0-4ad6-9b38-60ba6bf5366f,c9d37d78-6695-47a2-a210-c32fd90d56e3,IG Group,,IG Asia Pte Limited,SGP
0ffe8e85-ed09-45bc-a136-c2be07324be8,c9d37d78-6695-47a2-a210-c32fd90d56e3,IG Group,,IG Securities Limited,JPN
8e7b841f-22c7-4f9b-b408-01499d31d1a3,c9d37d78-6695-47a2-a210-c32fd90d56e3,IG Group,,IG Infotech India Private Limited,IND
1f2f6781-3311-4785-b578-a891c015817f,c9d37d78-6695-47a2-a210-c32fd90d56e3,IG Group,,IG International Limited,BMU
ff35d867-14f2-4b80-b938-6c40bd4142f3,c9d37d78-6695-47a2-a210-c32fd90d56e3,IG Group,,IG Markets South Africa Limited,ZAF
742cb4d3-067e-41b6-9cae-973b2ad25726,c9d37d78-6695-47a2-a210-c32fd90d56e3,IG Group,,IG Limited,ARE
cccff72c-dd6d-495c-b70e-70ccec3b5141,c9d37d78-6695-47a2-a210-c32fd90d56e3,IG Group,,IG US LLC,USA
d7e0e428-8dd0-4914-b76e-fa48fa9f524a,d503453c-dc3b-44f9-b281-3f0f1f79420a,Interactive Brokers,,Interactive Brokers LLC,USA
5f04a456-8576-4ec8-acdc-483d26a73315,d503453c-dc3b-44f9-b281-3f0f1f79420a,Interactive Brokers,,T.P. & Co.,USA
4892423e-15dc-406b-aba1-b106db56250e,d57617ed-fd54-461f-8b61-57cbe82fcb9d,Kraken,,Payward Europe Solutions Limited,IRL
a623b8bc-9af9-466a-8e51-334b37252236,d57617ed-fd54-461f-8b61-57cbe82fcb9d,Kraken,,Coin Meester B.V.,NLD
d554ae08-5cb2-4e6c-a108-88e3d2c5b993,d57617ed-fd54-461f-8b61-57cbe82fcb9d,Kraken,,Kraken powered by DLT,DEU
e238bbe7-363d-4212-a54c-bc2cf505f093,d57617ed-fd54-461f-8b61-57cbe82fcb9d,Kraken,,Payward Ireland Limited,IRL
578e92f6-7ff5-4823-aef5-7fd767c72e34,d57617ed-fd54-461f-8b61-57cbe82fcb9d,Kraken,,Payward Continental Services Limited,NLD
b20463e2-b0de-496b-8168-79fac62aed31,d57617ed-fd54-461f-8b61-57cbe82fcb9d,Kraken,,Payward Ltd.,GBR
dc174c76-05b8-43be-a4c4-30cc4b4e5c87,d57617ed-fd54-461f-8b61-57cbe82fcb9d,Kraken,,Crypto Facilities Ltd.,GBR
cf0c8705-b3ea-4b85-8b10-a85aafb4e38f,d57617ed-fd54-461f-8b61-57cbe82fcb9d,Kraken,,"Payward Interactive, Inc.",USA
ae3ee45f-5737-4d36-a23a-43342176787e,d57617ed-fd54-461f-8b61-57cbe82fcb9d,Kraken,,"Payward Canada, Inc.",CAN
0c236f11-2a7c-4f8c-96ec-32738cb0b03e,d57617ed-fd54-461f-8b61-57cbe82fcb9d,Kraken,,Bit Trade Pty Ltd.,AUS
3ad1e2bb-1528-4654-ba19-1ba8a6eb100d,d57617ed-fd54-461f-8b61-57cbe82fcb9d,Kraken,,Beaufort Fiduciaries Pty Ltd,AUS
1cacabaa-af43-4cae-bb62-3f5bb07b2dfe,d57617ed-fd54-461f-8b61-57cbe82fcb9d,Kraken,,PAYWARD BROKERS PTE. LTD.,SGP
53944417-d166-4fe6-b484-875155ac80c5,d57617ed-fd54-461f-8b61-57cbe82fcb9d,Kraken,,Payward Digital Solutions Ltd.,SGP
8c44f932-2636-4dfd-bae7-3c54d4230503,d57617ed-fd54-461f-8b61-57cbe82fcb9d,Kraken,,DLT Securities GmbH,DEU
9d46b218-c7d9-4fb1-8ad2-b1fcab9d3391,d57617ed-fd54-461f-8b61-57cbe82fcb9d,Kraken,,DLT Custody GmbH,DEU
3b49005d-5338-4dde-a62b-053be7eeb19f,d57617ed-fd54-461f-8b61-57cbe82fcb9d,Kraken,,Kraken Exchange,USA
a8522486-a3c1-4337-89ac-a753d3ba10f5,d57617ed-fd54-461f-8b61-57cbe82fcb9d,Kraken,,Kraken Digital Asset Exchange,USA
ad6d58ec-1b5b-4967-b73f-b2eb037ee1a0,18fe7739-869e-43b4-84c1-7eefe19b8e82,Kriptomat,,FintechX OÜ,EST
65f4fb49-68b3-4fd1-b105-7cd3ad78b8ad,18fe7739-869e-43b4-84c1-7eefe19b8e82,Kriptomat,,Kriptomat OÜ,EST
064d265d-1337-4fac-95b0-69152788fcb6,95814c16-b395-4610-b494-7dabb16f88f7,Kucoin,,PEKEN GLOBAL LIMITED,SYC
6ed2f3b4-4360-4f93-937a-46e44e5848b9,95814c16-b395-4610-b494-7dabb16f88f7,Kucoin,,PHOENIXFIN PRIVATE LIMITED,SGP
75774f1d-f280-4827-bfbb-80182fce5cd5,95814c16-b395-4610-b494-7dabb16f88f7,Kucoin,,FLASHDOT LIMITED,CYM
147d0182-a982-434d-828e-befe6df2c4be,95814c16-b395-4610-b494-7dabb16f88f7,Kucoin,,Phoenixfin Limited,GBR
32d2df06-5f20-4997-a55f-3ef48ec69166,f4e5aa00-3b54-48e5-85c0-fdd72b4377d9,Kuna,,UAB KUNA Pro,LTU
a349ad6b-7074-408d-9f0c-e876fc47830e,f4e5aa00-3b54-48e5-85c0-fdd72b4377d9,Kuna,,FlexyPay Inc,CAN
8196e7e9-0d48-4f46-8ca8-6520d4692c9f,c89c35f1-4350-4351-b9ec-87d07f3a52fb,LCX,,LCX AG,LIE
5b8e8783-4a0a-4ed1-bed7-a6f0cc1825a0,53ca0b28-cf89-453c-80f2-0e5fe56ca50e,LUNO,,BitX,GBR
1229960f-ae0a-4977-8ecc-73612b8749f8,53ca0b28-cf89-453c-80f2-0e5fe56ca50e,LUNO,,Luno,GBR
dae8ce24-1722-425a-80be-bc5155ba4bd2,58e680e2-88ec-4453-b20b-c166a36e12c5,LibertyX,,Moon Inc.,USA
1eaabc19-c8a5-451f-8941-b34e34b61c52,ae74106e-d8b9-48dd-8605-0585d7376d30,MEXC,,MX Global Ltd,SYC
51b5d87f-e144-4e30-aba1-c4955ca21a7e,ae74106e-d8b9-48dd-8605-0585d7376d30,MEXC,,MEXC Estonia OÜ,EST
11821b9f-520d-4b50-8024-11b6ad483618,ae74106e-d8b9-48dd-8605-0585d7376d30,MEXC,,MXC Estonia OÜ,EST
7e8b87e6-d838-4319-aab9-d4e1f89f51db,ff47f5f0-49ea-49f7-8bfc-d28d8533bab5,Mercuryo,,MONEYMAPLE TECH LT,CAN
7422b75d-324b-4f02-b93f-c6eda307ce9f,ff47f5f0-49ea-49f7-8bfc-d28d8533bab5,Mercuryo,,MONETLEY LTD,GBR
c4aea028-9910-457c-a340-754b78db4130,ff47f5f0-49ea-49f7-8bfc-d28d8533bab5,Mercuryo,,MONEYSAIL D.O.O,HRV
111788f7-0c39-43b4-9faf-ad6131043c45,ff47f5f0-49ea-49f7-8bfc-d28d8533bab5,Mercuryo,,MONEYTEA LIMITED,GBR
6aff218a-8103-45dc-82e4-62e67914fd3e,ff47f5f0-49ea-49f7-8bfc-d28d8533bab5,Mercuryo,,MONEYPASTA S.R.L,ITA
f082d5f1-0f8e-4648-82f3-4577d6742186,ff47f5f0-49ea-49f7-8bfc-d28d8533bab5,Mercuryo,,"MONEYCHURROS S.L.,",ESP
6b7f3359-3081-4717-bf3e-d1c702dc3b2f,bb1d8e77-e654-4a66-9d0e-33e4811da598,MetaMask,,Consensys Software Inc.,USA
3de7fa71-90c9-4c74-a5e2-f488710d7a91,61913fa7-17ef-4a90-95b0-3c625e12a37b,MoonPay,,MoonPay USA LLC,USA
afb449ab-d5a4-4590-87f2-283964b30fe2,61913fa7-17ef-4a90-95b0-3c625e12a37b,MoonPay,,MoonPay (UK) Limited,GBR
d03e47df-ced5-4f34-9ea5-b1752b259eff,61913fa7-17ef-4a90-95b0-3c625e12a37b,MoonPay,,MoonPay Technology Services Limited,IRL
1205bdc6-da33-4668-93e1-8e944d27b1a1,61913fa7-17ef-4a90-95b0-3c625e12a37b,MoonPay,,MoonPay Italy s.r.l.,ITA
a2aea33a-2dc4-4afa-b6aa-1aa62d78cb74,0b71a7ac-f0cc-470e-8c9f-abda86de25d7,OKX,,OKCoin Pte Ltd,SGP
a98cd62c-5cba-46ca-9db3-8229810c0459,0b71a7ac-f0cc-470e-8c9f-abda86de25d7,OKX,,OKX SG Pte. Ltd.,SGP
cf15f0ef-84a8-4c26-94c8-d6eb1c1b390d,0b71a7ac-f0cc-470e-8c9f-abda86de25d7,OKX,,OKCoin Europe LTD,GBR
a2d3938e-087a-4c1b-b8dd-a5dd8cc43338,0b71a7ac-f0cc-470e-8c9f-abda86de25d7,OKX,,OKCoin USA Inc.,USA
7da55d62-6bc6-44f6-83da-58e520d382b7,0b71a7ac-f0cc-470e-8c9f-abda86de25d7,OKX,,OKCoin Technology Company Limited,HKG
e8d21d81-9217-40ea-a064-b1277983ab6e,0b71a7ac-f0cc-470e-8c9f-abda86de25d7,OKX,,OKX Bahamas FinTech Company Limited,BHS
5904618a-6860-473c-a161-a651c5b89e69,0b71a7ac-f0cc-470e-8c9f-abda86de25d7,OKX,,"OKX FinTech, UAB",LTU
ccf0db06-0dda-44bf-bd1b-518fc2cec907,0b71a7ac-f0cc-470e-8c9f-abda86de25d7,OKX,,Aux Cayes FinTech Co. Ltd.,SYC
3ffffd2e-4aa5-4f85-8755-d5e644611643,0b71a7ac-f0cc-470e-8c9f-abda86de25d7,OKX,,OKX Australia Pty Ltd,AUS
92a15b9d-53ea-4607-bc32-218b51560198,0b71a7ac-f0cc-470e-8c9f-abda86de25d7,OKX,,OKX Australia Financial Pty Ltd,AUS
9889612b-15dd-46a0-a480-652e48879dbd,0b71a7ac-f0cc-470e-8c9f-abda86de25d7,OKX,,OKCOIN AUSTRALIA PTY LTD,AUS
13c60ba6-364f-4fcb-88a4-2e02db81d438,0b71a7ac-f0cc-470e-8c9f-abda86de25d7,OKX,,OKLINK AUSTRALIA PTY LTD,AUS
6ae6ba77-de81-4dc7-af61-40f80277d05c,0b71a7ac-f0cc-470e-8c9f-abda86de25d7,OKX,,OKX Hong Kong FinTech Company Limited,HKG
49afa86a-6e00-4ff2-ae13-d3ea228b131c,0b71a7ac-f0cc-470e-8c9f-abda86de25d7,OKX,,OKX Middle East FinTech FZE,ARE
deaecb0f-6ef6-43c0-96fa-2aa84de1f97c,0b71a7ac-f0cc-470e-8c9f-abda86de25d7,OKX,,OKX Serviços Digitais Ltda.,BRA
93b83aa6-a695-4a61-9a99-bffc83f58ba9,0b71a7ac-f0cc-470e-8c9f-abda86de25d7,OKX,,OKEx,GBR
f0d78fe3-351e-4ab6-b552-91cd6dedaf76,983a19d7-431d-481e-84ed-828b0d430d16,Plus500,,Plus500CY ltd.,CYP
24d545ed-86cf-4095-8b0d-99eb363cde4a,b1ad5378-c8b2-4599-bf1e-e8a53b68c633,Poloniex,,"Polo Digital Assets, Ltd.",SYC
a4afa99a-2535-411e-81d9-b0def0804f5a,b1ad5378-c8b2-4599-bf1e-e8a53b68c633,Poloniex,,Poloniex,SYC
e365f460-8103-4c8c-b97a-b6b7db583e79,b1ad5378-c8b2-4599-bf1e-e8a53b68c633,Poloniex,,Poloniex Exchange,
6e4742b2-ebaa-4b9f-af3a-b0fa60af05c1,b1ad5378-c8b2-4599-bf1e-e8a53b68c633,Poloniex,,POLO DIGITS ASSET,AUS
6afcd33f-deab-4f06-ad8d-00e4f483154a,b1ad5378-c8b2-4599-bf1e-e8a53b68c633,Poloniex,,Poloniex Inc.,USA
cdc54030-de97-4d48-a8e1-71e130378ffa,b1ad5378-c8b2-4599-bf1e-e8a53b68c633,Poloniex,,"Poloniex, LLC",USA
afb4487a-5915-409b-a6e8-84325d37a1dc,b1ad5378-c8b2-4599-bf1e-e8a53b68c633,Poloniex,,Poloniex US,USA
68d0b7c3-b5fe-479f-be65-654a08c84711,b1be20fa-4e46-45c2-99ef-4e3e09e4cec7,Remitano,,Babylon Solutions Limited,SYC
a6aa957f-199a-43cb-8afc-d2893a4956db,089d040e-b144-4f63-b784-30145874ae90,Revolut,,Revolut Bank UAB,LTU
5eb567bd-a60f-44c9-819e-c08be16409f2,089d040e-b144-4f63-b784-30145874ae90,Revolut,,Revolut Bank UAB Magyarországi Fióktelepe,HUN
ac0560a2-f29b-4eca-81d5-8bbf6eea8563,089d040e-b144-4f63-b784-30145874ae90,Revolut,,"Revolut Bank UAB, Zweigniederlassung Deutschland",DEU
c5716f8d-dd75-4bcb-b6fe-d4358066464b,089d040e-b144-4f63-b784-30145874ae90,Revolut,,REVOLUT BANK UAB SUCURSAL EN ESPAÑA,ESP
48082e1e-7bd9-457e-a1e8-5407cbbf1cdd,089d040e-b144-4f63-b784-30145874ae90,Revolut,,REVOLUT BANK UAB VILNIUS SUCURSALA BUCURESTI,ROU
8cbbb0f3-800c-4468-9333-7cee3b17170e,089d040e-b144-4f63-b784-30145874ae90,Revolut,,Revolut Ltd,GBR
5c2d56c2-9205-44f2-97f2-e39091036a54,089d040e-b144-4f63-b784-30145874ae90,Revolut,,Revolut Trading Ltd,GBR
c510bc76-2261-44c1-9491-386ae5e9588a,089d040e-b144-4f63-b784-30145874ae90,Revolut,,Revolut NewCo UK Ltd,GBR
598d6684-b686-44d5-a086-5e03db7e1b82,089d040e-b144-4f63-b784-30145874ae90,Revolut,,Revolut Travel Ltd,GBR
73852ada-31ac-4ac1-bf6f-6abc28c72c02,089d040e-b144-4f63-b784-30145874ae90,Revolut,,Revolut Holdings Europe UAB,LTU
204c7afb-1d26-4c16-ace6-03301c43ee7b,089d040e-b144-4f63-b784-30145874ae90,Revolut,,Revolut Insurance Europe UAB,LTU
a428cd9c-92c9-4120-af4e-e87654ac480c,089d040e-b144-4f63-b784-30145874ae90,Revolut,,Revolut Ltd filialas,LTU
83a376f1-bcde-4bc3-9459-4124e1f61338,089d040e-b144-4f63-b784-30145874ae90,Revolut,,Revolut Securities Europe UAB,LTU
15cac1ca-6700-43ae-ad5c-f451652d26ac,b68a8121-ef61-4ded-b035-699a263e2964,Robinhood,,"Robinhood Europe, UAB",LTU
9455c5f9-9fc8-457f-97da-cff582465e7e,b68a8121-ef61-4ded-b035-699a263e2964,Robinhood,,RHEC,LTU
3b91595f-1c62-4458-929b-dd3a2bd84f61,b68a8121-ef61-4ded-b035-699a263e2964,Robinhood,,Robinhood Financial LLC,USA
894cf5d0-525c-4f28-b31c-ee3a58827475,b68a8121-ef61-4ded-b035-699a263e2964,Robinhood,,"Robinhood Securities, LLC",USA
99f166a6-9e28-4dd5-90c8-79ee306fdf59,b68a8121-ef61-4ded-b035-699a263e2964,Robinhood,,RHF,USA
cdbac31c-3552-4f19-98e5-3bbf1d4b5f07,b68a8121-ef61-4ded-b035-699a263e2964,Robinhood,,RHS,USA
be9f0825-5ae4-4bc2-b8dc-059e04b25443,b68a8121-ef61-4ded-b035-699a263e2964,Robinhood,,"Robinhood Derivatives, LLC,",USA
e0ba2a0a-24a4-4a1a-afb6-8f575b511a65,b68a8121-ef61-4ded-b035-699a263e2964,Robinhood,,RHD,USA
b1ed554f-7f93-4e9a-972d-3c065a80c17b,b68a8121-ef61-4ded-b035-699a263e2964,Robinhood,,"Robinhood Crypto, LLC",USA
b35c1fd9-c00f-400d-a1b8-07be3ccbf3a0,b68a8121-ef61-4ded-b035-699a263e2964,Robinhood,,RHC,USA
08b29225-82c7-463d-84bf-73d3552db81d,b68a8121-ef61-4ded-b035-699a263e2964,Robinhood,,"Robinhood Money, LLC",USA
c3ef76b3-5d4c-431b-bd09-ddc3499bb74c,b68a8121-ef61-4ded-b035-699a263e2964,Robinhood,,RHY,USA
e84e0192-620d-4801-8730-2166a4b59bd3,b68a8121-ef61-4ded-b035-699a263e2964,Robinhood,,"Robinhood Credit, Inc.",USA
fed292a8-8e48-4b05-809c-eea385be0685,b68a8121-ef61-4ded-b035-699a263e2964,Robinhood,,RCT,USA
1c3b5807-3ff4-412a-a1e8-9097e6f979d0,b68a8121-ef61-4ded-b035-699a263e2964,Robinhood,,"Robinhood Gold, LLC",USA
398e3c20-d5cb-4976-bd75-aef3caf3aaf2,b68a8121-ef61-4ded-b035-699a263e2964,Robinhood,,RHG,USA
28716933-fafd-4cb0-b3c1-3cf14a5d6d2b,cbe4dcfb-03e1-48c3-8eb7-67e948a6acf9,Saxo bank,,Saxo Bank A/S,DNK
90198afd-ece6-4c47-89eb-d104f26ff296,cbe4dcfb-03e1-48c3-8eb7-67e948a6acf9,Saxo bank,,Saxo,
3db276d2-b23d-45fd-ba78-10f5eaabce50,cbe4dcfb-03e1-48c3-8eb7-67e948a6acf9,Saxo bank,,Saxo Capital Markets UK Limited,GBR
a2c6388f-c09b-4868-a13b-0bc55c031282,cbe4dcfb-03e1-48c3-8eb7-67e948a6acf9,Saxo bank,,Saxo Capital Markets Pte Limited,SGP
7ec4ac39-5a98-4e1e-bd13-119a20efec1c,cbe4dcfb-03e1-48c3-8eb7-67e948a6acf9,Saxo bank,,Saxo Bank (Switzerland) Ltd.,CHE
01434317-6c12-4b76-a0e3-daddfbc175d7,cbe4dcfb-03e1-48c3-8eb7-67e948a6acf9,Saxo bank,,Saxo Capital Markets (Australia) Limited,AUS
d66ef795-7d65-455e-8481-bb6332f58c0c,cbe4dcfb-03e1-48c3-8eb7-67e948a6acf9,Saxo bank,,Saxo Bank Securities Ltd.,JPN
d1beeb4c-ee29-41e1-83d3-e76c65197eea,cbe4dcfb-03e1-48c3-8eb7-67e948a6acf9,Saxo bank,,Saxo Capital Markets HK Limited,HKG
5093a6f5-3bf5-4847-b49f-4fe83757ff36,cbe4dcfb-03e1-48c3-8eb7-67e948a6acf9,Saxo bank,,Saxo Banque France,FRA
abbe2952-3ad5-4df2-9f93-86d1288d4982,2e68f51d-b12f-46ef-9bb1-e62c1d283d24,SpectroCoin,,Spectro Finance UAB,LTU
aa0b96ad-ab5f-4b24-ae94-c38366e0f8ae,2e68f51d-b12f-46ef-9bb1-e62c1d283d24,SpectroCoin,,Spectro Finance OÜ,EST
db3e469a-fe59-40fa-b706-91c9ad76cfd2,2e68f51d-b12f-46ef-9bb1-e62c1d283d24,SpectroCoin,,Spectro Finance Limited,VGB
f7474405-fbba-4988-99f3-4f4af1cc0678,2e68f51d-b12f-46ef-9bb1-e62c1d283d24,SpectroCoin,,Spectro Finance Systems LLC,VCT
1b08bdf7-24d0-4997-a713-c37de379c7d9,2e68f51d-b12f-46ef-9bb1-e62c1d283d24,SpectroCoin,,SpectroCoin,LTU
d915ceab-bc46-485e-a2e1-ddb00bdb8e41,b32be4a9-2f8b-478a-99f6-7290d3fd4479,Stripe,,"Stripe Brokering, Inc.",CAN
122d8d6e-06c2-4c0d-9663-93860291cea2,b32be4a9-2f8b-478a-99f6-7290d3fd4479,Stripe,,"Stripe, Inc.",CAN
5c47c0c7-5053-48ba-8c02-bf0995ab2ffc,b32be4a9-2f8b-478a-99f6-7290d3fd4479,Stripe,,Stripe Payments Company,CAN
3d741b3c-02bc-43d3-be7a-4124ec4bd263,b32be4a9-2f8b-478a-99f6-7290d3fd4479,Stripe,,"Stripe Servicing, Inc.",CAN
d5128c10-c7c9-41b7-8ff1-a4167c0737a8,b32be4a9-2f8b-478a-99f6-7290d3fd4479,Stripe,,Stripe Brasil Soluções de Pagamento - Instituição de Pagamento Ltda,CAN
6f320aef-23b5-4152-9fd7-bc21853f96f7,b32be4a9-2f8b-478a-99f6-7290d3fd4479,Stripe,,"Stripe Payments Mexico, S. de R.L. de C.V.",CAN
876fda0e-775d-4712-acba-5c559ae4aad2,b32be4a9-2f8b-478a-99f6-7290d3fd4479,Stripe,,Stripe Payments Australia Pty Ltd A.C.N. 160 180 343,AUS
0f1b6d3a-49ef-4e5e-93d6-d0d824d80c58,b32be4a9-2f8b-478a-99f6-7290d3fd4479,Stripe,,Stripe India Private Limited,
540e57b2-e262-4156-86ac-1f7e86bbf17a,b32be4a9-2f8b-478a-99f6-7290d3fd4479,Stripe,,Stripe Technology India Private Limited,
e772cee0-13a2-443a-b845-b7faace6435c,b32be4a9-2f8b-478a-99f6-7290d3fd4479,Stripe,,PT Stripe Payments Indonesia,
7bdbc9c8-3e80-4976-a857-a3c0a5afee0f,b32be4a9-2f8b-478a-99f6-7290d3fd4479,Stripe,,"Stripe Japan, Inc.",JPN
949a9cad-9989-4d6d-8dd6-3e174583b4ba,b32be4a9-2f8b-478a-99f6-7290d3fd4479,Stripe,,Stripe Payments Malaysia Sdn. Bhd.,
1525ee14-a9e0-470b-bfaf-3f5d10de0857,b32be4a9-2f8b-478a-99f6-7290d3fd4479,Stripe,,Stripe New Zealand Limited,NZL
3bab4c16-cd8b-4d72-8f24-f99a5bbaa1ff,b32be4a9-2f8b-478a-99f6-7290d3fd4479,Stripe,,Stripe Payments Singapore Pte. Ltd.,SGP
ecbd74a9-bda0-40f9-b9a0-35e2312acb30,b32be4a9-2f8b-478a-99f6-7290d3fd4479,Stripe,,Stripe Payments (Thailand) Ltd.,THA
27b90d38-90c4-4473-915b-39e2d5cfae50,b32be4a9-2f8b-478a-99f6-7290d3fd4479,Stripe,,Noaliasing SPRL,BEL
7c6caded-bee7-4fda-9803-4bdad5519b88,b32be4a9-2f8b-478a-99f6-7290d3fd4479,Stripe,,Stripe France SARL,FRA
36dcffd1-0faf-40d9-bd87-359da3e1c287,b32be4a9-2f8b-478a-99f6-7290d3fd4479,Stripe,,Stripe Deutschland GmbH,DEU
407571a7-6593-4356-b50f-43f0ce91ed5c,b32be4a9-2f8b-478a-99f6-7290d3fd4479,Stripe,,"Stripe Capital Europe, Limited",IRL
ae07f979-de5d-41bb-ba05-e9a24790999d,b32be4a9-2f8b-478a-99f6-7290d3fd4479,Stripe,,Stripe Payments Europe Limited,IRL
70772d4a-4afa-463c-ae4e-aefd16a4f53a,b32be4a9-2f8b-478a-99f6-7290d3fd4479,Stripe,,Stripe Israel Payments Ltd.,
cae529e8-89b3-490f-b1c5-542bc6942a2c,b32be4a9-2f8b-478a-99f6-7290d3fd4479,Stripe,,"Stripe Payments Europe, Limited - Italian Branch",ITA
1d267186-c72f-440f-96d0-76974c2cb80c,b32be4a9-2f8b-478a-99f6-7290d3fd4479,Stripe,,Stripe Netherlands B.V.,NLD
7ae304ea-88b3-457c-bbf2-dc0ec82073c8,b32be4a9-2f8b-478a-99f6-7290d3fd4479,Stripe,,Stripe Payments sp. z o.o.,POL
af88ec09-cbb7-41a3-ae3d-96f21a621497,b32be4a9-2f8b-478a-99f6-7290d3fd4479,Stripe,,Stripe Spain S.L.,ESP
b546905b-a778-4eb3-91ab-a865a3b69646,b32be4a9-2f8b-478a-99f6-7290d3fd4479,Stripe,,Tiny Experiment Aktiebolag,SWE
7be9a7c4-621a-467b-896e-e77a682ab32b,b32be4a9-2f8b-478a-99f6-7290d3fd4479,Stripe,,Stripe Switzerland GmbH,CHE
64110930-0268-4a29-a76b-81d1683ebcab,b32be4a9-2f8b-478a-99f6-7290d3fd4479,Stripe,,Stripe FZ-LLC,ARE
86f79b67-209a-45bf-9a4a-515f3a24d587,c257bf8f-6054-49fc-b75e-73299660b2b7,SwissBorg,,SwissBorg Solutions OÜ,EST
f35d0cfa-5eab-4293-97ed-409d45636e1a,c257bf8f-6054-49fc-b75e-73299660b2b7,SwissBorg,,SBorg SA,SWE
1f8caa78-21f6-41d1-814b-a91af156a6d4,c257bf8f-6054-49fc-b75e-73299660b2b7,SwissBorg,,Modulr Finance B.V.,NLD
58ae048a-1f3a-40cf-ac69-b712d4448feb,c75dbfc3-230d-41a8-8f7a-2eaebe9b510b,Swissquote,,Swissquote Bank Ltd,CHE
0bdbcbd8-0a0d-43aa-9bec-cbe42135dc7c,c75dbfc3-230d-41a8-8f7a-2eaebe9b510b,Swissquote,,Swissquote Bank Europe SA,LUX
af4b1975-76a6-4cff-8131-8f443dba87f5,c75dbfc3-230d-41a8-8f7a-2eaebe9b510b,Swissquote,,Swissquote MEA Ltd,ARE
a4bae8e1-4f07-418c-bcfc-33030f1d392b,c75dbfc3-230d-41a8-8f7a-2eaebe9b510b,Swissquote,,Swissquote Capital Markets Limited,CYP
fa1a54b0-a3e2-4877-8180-7230b6db1962,c75dbfc3-230d-41a8-8f7a-2eaebe9b510b,Swissquote,,Swissquote Group Holding Ltd,CHE
049b990b-e776-400d-b678-753d9eacccf3,c75dbfc3-230d-41a8-8f7a-2eaebe9b510b,Swissquote,,Swissquote South Africa (Pty) Ltd,ZAF
aee8099d-a12f-4b8b-a82a-85c9f91a9834,c75dbfc3-230d-41a8-8f7a-2eaebe9b510b,Swissquote,,Swissquote Tech Hub Bucharest S.R.L,ROU
60bd3511-fd05-4f53-b319-98ee41b9aa4c,c75dbfc3-230d-41a8-8f7a-2eaebe9b510b,Swissquote,,Swissquote Pte. Ltd,SGP
1be57359-7dcd-45c5-8595-bc761456c7b3,c75dbfc3-230d-41a8-8f7a-2eaebe9b510b,Swissquote,,Swissquote Financial Services (Malta) Ltd,MLT
0a5a7331-eaf1-43b0-ab98-c06ccde8b7cc,c75dbfc3-230d-41a8-8f7a-2eaebe9b510b,Swissquote,,Swissquote Asia Ltd,HKG
7ad5b1ea-1fa6-4b16-8cd5-051239df2b9e,c75dbfc3-230d-41a8-8f7a-2eaebe9b510b,Swissquote,,Swissquote Ltd,GBR
6fc0df2e-04b1-4be3-b931-fb0edf054acb,c75dbfc3-230d-41a8-8f7a-2eaebe9b510b,Swissquote,,Swissquote,
9ed0483e-757a-43ed-87fa-0c91f29fe261,c75dbfc3-230d-41a8-8f7a-2eaebe9b510b,Swissquote,,MIG Capital (Asia) Ltd,HKG
03d75146-395c-4d79-be16-d6e8df9f7fef,0a0cf6fc-d3f7-4d56-88ff-aef23c24b5c6,Tothemoon,,Tothemoon,CYP
ea26b08b-e069-438f-bbde-452f317176e6,0a0cf6fc-d3f7-4d56-88ff-aef23c24b5c6,Tothemoon,,"Cypher Trading, UAB",LTU
a4aacac5-8553-4f9d-b640-ce1b960f677a,0a0cf6fc-d3f7-4d56-88ff-aef23c24b5c6,Tothemoon,,Cryptology,
2ac42d42-3336-4fde-8837-384dde7b8ed6,57d505e9-b7a4-4014-a04d-55b1bc296deb,Transak,,Transak Inc,USA
9f91fdd3-4e0f-4ece-91f4-9c27e6442007,57d505e9-b7a4-4014-a04d-55b1bc296deb,Transak,,Transak,USA
3cb259f4-a502-4dff-9cfa-d655431b5f30,57d505e9-b7a4-4014-a04d-55b1bc296deb,Transak,,Transak USA LLC,USA
065bd811-4552-4eed-9a85-4551e9c6e7ac,57d505e9-b7a4-4014-a04d-55b1bc296deb,Transak,,Transak Limited,GBR
18c1a94b-4e69-43b5-89b4-2094837880f2,57d505e9-b7a4-4014-a04d-55b1bc296deb,Transak,,LIGHT TECHNOLOGY LIMITED,
f96dee5b-965e-4e3f-b5bc-2e03818bd4e2,57d505e9-b7a4-4014-a04d-55b1bc296deb,Transak,,Transak Technology India Private Limited,IND
27614a6a-4b18-4ba6-83bc-0aab5fcd4dcc,57d505e9-b7a4-4014-a04d-55b1bc296deb,Transak,,Transak Labs Private Limited,IND
2dea0b6d-67a9-4d04-9086-94c81009a3ff,57d505e9-b7a4-4014-a04d-55b1bc296deb,Transak,,Transak SP. Z. O. O.,POL
c70ae19e-569f-44fb-8c39-e2aecca62f72,57d505e9-b7a4-4014-a04d-55b1bc296deb,Transak,,Transak Australia Pty Ltd,AUS
2341918e-6965-46e8-bb6d-0999d328391a,57d505e9-b7a4-4014-a04d-55b1bc296deb,Transak,,Transak Canada Limited,CAN
bc89daba-ccf9-424d-a522-eb7270ceafae,57d505e9-b7a4-4014-a04d-55b1bc296deb,Transak,,Transak HK Limited,HKG
bc6b8dda-0b7d-46ac-adb9-73de271b8300,f0c651b9-1d2b-493a-8424-305c19b297bd,Uphold,,Uphold EEA UAB,LTU
74d9e1cc-a8cd-4fbd-87b0-41e821d9b981,f0c651b9-1d2b-493a-8424-305c19b297bd,Uphold,,Uphold Lithuania UAB,LTU
e3fdd7cd-65c0-480e-9d8d-bf140eb2706c,f0c651b9-1d2b-493a-8424-305c19b297bd,Uphold,,Uphold HQ Inc.,USA
ec496c4e-db9a-46f5-b62f-bd6274b7115e,f0c651b9-1d2b-493a-8424-305c19b297bd,Uphold,,UPHOLDFXQUICK,
b4bdb16d-38ed-4730-adb3-5aa0307544c3,f0c651b9-1d2b-493a-8424-305c19b297bd,Uphold,,UPHOLDSPOTTRADE,GBR
68658794-b4b0-4485-96f2-476d3f44c93c,f0c651b9-1d2b-493a-8424-305c19b297bd,Uphold,,Uphold Europe Limited,GBR
485bcbc2-4a01-4723-8fa0-07b35dc366d1,f0c651b9-1d2b-493a-8424-305c19b297bd,Uphold,,Uphold,LTU
62e1ba28-ef71-4dd3-867d-b1103acca593,f0c651b9-1d2b-493a-8424-305c19b297bd,Uphold,,UPHOLD OPERATING CANADA LTD,CAN
836fa157-803a-4156-a905-9e4d9d87f77f,f0c651b9-1d2b-493a-8424-305c19b297bd,Uphold,,BR SERVICES EUROPE LIMITED,GBR
2c0bb2c1-a897-434c-a791-47c67c7f28b9,430b052e-edf8-405f-87ef-85088201da20,VALR,,VALR Proprietary Ltd,ZAF
a273fc48-0c0a-4967-886c-285ea5e37936,430b052e-edf8-405f-87ef-85088201da20,VALR,,VALR EU LIMITED LIABILITY COMPANY,POL
2587562f-d6c5-426e-b3af-d58026043cba,430b052e-edf8-405f-87ef-85088201da20,VALR,,Veeratva Technologies Private Limited,IND
1123cb87-2f20-42d9-a3a7-6f25019229f9,430b052e-edf8-405f-87ef-85088201da20,VALR,,VALR FZE,ARE
b6914937-f4b9-4dac-8eca-a3e06a830cac,430b052e-edf8-405f-87ef-85088201da20,VALR,,VALR DAM Proprietary Limited,ZAF
86698bcd-938b-41c2-958d-e00234c14673,430b052e-edf8-405f-87ef-85088201da20,VALR,,VALR Loans Proprietary Limited,ZAF
6e876471-63ae-4c93-8a90-dde236f231a8,430b052e-edf8-405f-87ef-85088201da20,VALR,,Veeratva Zambia Limited,ZMB
9dd89369-9a16-46cf-bf77-6c2310e96272,4e1e6420-ff29-40d5-9425-e00b3ee741f6,WhiteBIT,,WhiteBIT Group,
9666f635-4fab-4c65-8d90-e70b3b7949ed,4e1e6420-ff29-40d5-9425-e00b3ee741f6,WhiteBIT,,UAB Clear White Technologies,LTU
31598b2b-4202-4691-992b-e7de52bbb6fb,4e1e6420-ff29-40d5-9425-e00b3ee741f6,WhiteBIT,,WhiteBIT Financial Company s.r.o.,CZE
ec8944f2-a0cb-41ea-8490-04a24cf2d5bb,4e1e6420-ff29-40d5-9425-e00b3ee741f6,WhiteBIT,,WhiteBIT Tech Sp. Z.o.o,POL
22f38e1d-c804-482a-8609-dce281192ab3,4e1e6420-ff29-40d5-9425-e00b3ee741f6,WhiteBIT,,WhiteBIT Solutions LLC,BGR
ecd836e0-2c45-4161-b28f-d7e0ad7d70b6,4e1e6420-ff29-40d5-9425-e00b3ee741f6,WhiteBIT,,WhiteBIT Operations Australia PTY LTD,AUS
2953e86d-5854-48f0-92ab-7dd0bc94f423,4e1e6420-ff29-40d5-9425-e00b3ee741f6,WhiteBIT,,WhiteBIT Georgia LLC,GEO
110383d1-cf7d-45b1-a48b-ee2a5f96d6e6,4e1e6420-ff29-40d5-9425-e00b3ee741f6,WhiteBIT,,Clear White Technologies Limited,HKG
21abd363-69fe-45ba-8589-bba3e1e2986e,4e1e6420-ff29-40d5-9425-e00b3ee741f6,WhiteBIT,,Clear White Operations Limited,SYC
3be99cf0-9419-413a-aea3-edad758b20fc,4e1e6420-ff29-40d5-9425-e00b3ee741f6,WhiteBIT,,Whitebit Solutions Ltd,SYC
da43962e-462f-428a-a013-2bb0bdbf0562,4e1e6420-ff29-40d5-9425-e00b3ee741f6,WhiteBIT,,Nova Fintech LLC,VCT
53021ed6-7712-4e23-aed4-ae9c27dd8907,4e1e6420-ff29-40d5-9425-e00b3ee741f6,WhiteBIT,,El Pacto Social De Peak Horizon Corp,PAN
3529a874-9eb0-464a-97bd-63cf38eb4038,4e1e6420-ff29-40d5-9425-e00b3ee741f6,WhiteBIT,,"WhiteBIT, UAB",LTU
ab92095a-ade0-4972-8b7a-e92a807f5913,4e1e6420-ff29-40d5-9425-e00b3ee741f6,WhiteBIT,,WHITEBIT SOLUTIONS LLP,GBR
39183ec5-4982-4c84-ad4a-56fb0b522e0a,4e1e6420-ff29-40d5-9425-e00b3ee741f6,WhiteBIT,,WHITEBIT AUSTRALIA PTY LTD,AUS
436dd410-6d22-42a6-afad-93a6d082e5bc,4e1e6420-ff29-40d5-9425-e00b3ee741f6,WhiteBIT,,WHITEBIT PTY LTD,AUS
69f25686-8796-4610-b104-2ebe0cd1669d,4e1e6420-ff29-40d5-9425-e00b3ee741f6,WhiteBIT,,CODDAN NOMINEE ADMINISTRATOR LTD,SYC
a1c56c15-ae8d-4190-a1dd-20170740792b,d0a9ee67-8162-44c2-a787-bbee1cea78de,Wirex,,E-Coin,
1393d684-4371-485b-bea0-f0a862922fed,d0a9ee67-8162-44c2-a787-bbee1cea78de,Wirex,,Transact Payments Malta Limited,MLT
20c4b991-1743-4a4e-af46-8afbde70d6ff,d0a9ee67-8162-44c2-a787-bbee1cea78de,Wirex,,UAB Wirex,LTU
dc514aef-024a-49ce-8ced-7b8a726dcffb,d0a9ee67-8162-44c2-a787-bbee1cea78de,Wirex,,Wirex Digital Services S.r.l.,ITA
769427fb-9b74-41c9-9bdd-6fe5ac60e079,d0a9ee67-8162-44c2-a787-bbee1cea78de,Wirex,,"Wirex USA, Inc",USA
901fca4d-2a04-4d31-938d-03081d7f974b,1d9304cd-7de3-4979-9f89-30ef63ea5826,Zondacrypto,,BitBay,POL
6e2f094a-cf9b-47f3-a589-fc5cc0395630,1d9304cd-7de3-4979-9f89-30ef63ea5826,Zondacrypto,,BB Trade Estonia OÜ,EST
cd28539f-91a0-4598-a633-4c1516b587e5,1d9304cd-7de3-4979-9f89-30ef63ea5826,Zondacrypto,,BB Trade IT,ITA
808da31c-c67e-4e33-8a07-b2a1b62b529b,c7f5625f-ca6a-4922-b764-6e931d813cc3,eToro,,eToro (UK) Ltd,GBR
16ec098f-16e3-45c9-8ed0-e0c9622c7b7c,c7f5625f-ca6a-4922-b764-6e931d813cc3,eToro,,eToro Money UK Ltd,GBR
8baaa925-34a4-4fe3-b96f-b9c5c848b668,c7f5625f-ca6a-4922-b764-6e931d813cc3,eToro,,eToro (Europe) Ltd,CYP
0285d378-7275-4735-a00b-b71b62c48600,c7f5625f-ca6a-4922-b764-6e931d813cc3,eToro,,RetailFX Ltd,CYP
040b3ae1-50ff-4bf8-bebc-61680354168a,c7f5625f-ca6a-4922-b764-6e931d813cc3,eToro,,eToro (Europe) Digital Assets Ltd,CYP
5cf1e779-f86d-44f3-b8f6-47c43623d0a7,c7f5625f-ca6a-4922-b764-6e931d813cc3,eToro,,eToro (Seychelles) Ltd,SYC
1b2f3d39-5775-4ff1-83a7-024de02666f2,c7f5625f-ca6a-4922-b764-6e931d813cc3,eToro,,eToro (ME) Limited,ARE
9725753e-a4b4-473e-8b11-c63e6b1a5c05,c7f5625f-ca6a-4922-b764-6e931d813cc3,eToro,,eToro AUS Capital Limited,AUS
844d928e-0888-49e2-95e2-8bed0d05dc92,c7f5625f-ca6a-4922-b764-6e931d813cc3,eToro,,eToro Asset Management Limited,AUS
f9a048bd-cb95-4884-be98-11c0c4f950f2,c7f5625f-ca6a-4922-b764-6e931d813cc3,eToro,,eToro USA LLC,USA
f0fb4bfd-672b-47b7-9953-58b8d599deb6,c7f5625f-ca6a-4922-b764-6e931d813cc3,eToro,,eToro USA Securities Inc.,USA
e0b10463-94e5-49c6-9db2-52da10838b27,c7f5625f-ca6a-4922-b764-6e931d813cc3,eToro,,eToro X Limited,GIB
40c6ec2c-f772-4716-a31b-f8b146a1493d,c7f5625f-ca6a-4922-b764-6e931d813cc3,eToro,,eToro Group Ltd,VGB
6f3ba2de-77ef-4f56-91dc-3fa2f0ac33b6,c7f5625f-ca6a-4922-b764-6e931d813cc3,eToro,,Tradonomi Ltd,VGB
a7bdd60a-39b3-4f60-9acc-fc38ca3f3652,c7f5625f-ca6a-4922-b764-6e931d813cc3,eToro,,eToro Germany GmbH,DEU
de1e153e-579e-4f51-b1e0-2f379241fc27,c7f5625f-ca6a-4922-b764-6e931d813cc3,eToro,,eToro Money Malta Ltd,MLT
563bcd01-37a5-4e84-b618-4ec17b20c1b9,c7f5625f-ca6a-4922-b764-6e931d813cc3,eToro,,eToro Malta Holding Ltd,MLT
5ccd50a3-58b5-4f15-9a81-07a132d89102,c7f5625f-ca6a-4922-b764-6e931d813cc3,eToro,,eToro Singapore Pte Ltd,SGP
e067dde8-9093-4b78-a31c-0355d12d94d7,c7f5625f-ca6a-4922-b764-6e931d813cc3,eToro,,eToro (NZ) Limited,NZL
6175de60-2f6d-49d7-9746-43ff804bab55,c7f5625f-ca6a-4922-b764-6e931d813cc3,eToro,,eToro Denmark ApS,DNK
56140160-1001-467f-9cf6-b9e901c8839d,c7f5625f-ca6a-4922-b764-6e931d813cc3,eToro,,eToro (Cayman) Trading Ltd,CYM
69aba4a6-afbc-4aef-8186-f40d4715a71a,c7f5625f-ca6a-4922-b764-6e931d813cc3,eToro,,eToro Digital Assets Limited,GIB
a81e4598-a829-4e42-ad72-1a53d58fdc87,c7f5625f-ca6a-4922-b764-6e931d813cc3,eToro,,eToro SA (Pty) Ltd,ZAF
b8009061-abbd-4d62-9b12-1bb409653efb,c7f5625f-ca6a-4922-b764-6e931d813cc3,eToro,,eToro USA Advisers Inc.,USA
cd67c234-ebc1-4c3e-a42f-3928d9202b2c,c7f5625f-ca6a-4922-b764-6e931d813cc3,eToro,,eToro NY LLC,USA
746adb40-a4ed-4929-9d37-c28953ac7aab,c7f5625f-ca6a-4922-b764-6e931d813cc3,eToro,,"eToro China Ltd. (Yinniu Business Consulting (Shanghai) Co., Ltd.)",CHN
cb3f7065-3c9a-4622-9f7d-142bd4f2cb2c,c7f5625f-ca6a-4922-b764-6e931d813cc3,eToro,,eToro Asia Limited,CYP
79614616-2eee-4034-8b70-b16deb755fe9,c7f5625f-ca6a-4922-b764-6e931d813cc3,eToro,,eToro Australia Pty Ltd,AUS
c85497d9-336d-46ba-87c9-461dc9bc7068,c7f5625f-ca6a-4922-b764-6e931d813cc3,eToro,,eToro Group Trading Ltd.,VGB
df08cd0a-a4b6-49d2-a942-7a2fc59be314,c7f5625f-ca6a-4922-b764-6e931d813cc3,eToro,,Buttonwood Merger Sub Corp.,USA
d4326a9a-7a29-4644-aad5-6ad6f692829a,c7f5625f-ca6a-4922-b764-6e931d813cc3,eToro,,Opus Labs NV,BEL
c2663a97-70c4-4366-9bb8-58c51a94c8e3,c7f5625f-ca6a-4922-b764-6e931d813cc3,eToro,,eToro Investment Limited,GBR
81dc73ef-60f3-420a-b9a1-908f939dc58a,c7f5625f-ca6a-4922-b764-6e931d813cc3,eToro,,eToro Group Pty Ltd,AUS
