Payment_Method_ID,VASP_ID,VASP_Name,Payment_Method,Is_Amount_Restricted,Jurisdiction,Onramp_Provider_ID,Onramp_Provider_Name
b1adf240-76a6-429d-abce-3be600fa3f6c,ad9b4a8f-f758-43a9-8513-62f4411c6a3b,Ark Finance,SWIFT Transfer,true,USA,1fea66ec-a852-4fc3-aa1f-8b4358ad85d2,Payb.is
37747f51-6df9-4166-acda-36c8454e93c9,ad9b4a8f-f758-43a9-8513-62f4411c6a3b,Ark Finance,Credit Card,true,USA,,
f7d148b2-623a-45b0-928e-288bcd1eaa66,ad9b4a8f-f758-43a9-8513-62f4411c6a3b,Ark Finance,Revolut Pay,true,USA,089d040e-b144-4f63-b784-30145874ae90,Revolut
4a4a0506-dafa-458e-a358-cb4e53a10851,ad9b4a8f-f758-43a9-8513-62f4411c6a3b,Ark Finance,Astro Pay,true,USA,89545e05-1121-41e6-9662-3e20fc6a3314,Astro Pay
dc5bd7b0-61c7-49c8-906e-420b02de39b7,ad9b4a8f-f758-43a9-8513-62f4411c6a3b,Ark Finance,Skrill,true,USA,1d71cc07-3953-4336-bfda-45ceb7ec0ed9,Skrill
69d43dac-af75-4e56-be04-6fa186387dea,ad9b4a8f-f758-43a9-8513-62f4411c6a3b,Ark Finance,Neteller,true,USA,86641c75-6d49-406a-8de5-e45376ea604b,Neteller
4cfc7be3-9e0e-42d6-a040-c691e451feb7,ef53a1d1-5e87-4bb3-abe9-8db2f17a2fe9,AscendEX,Debit / Credit Card,true,,,
5cf146ad-dafa-4358-a008-06590b27ab52,ef53a1d1-5e87-4bb3-abe9-8db2f17a2fe9,AscendEX,Wire Transfer,false,,,
c9684883-c318-4026-a7bc-81d62d6e0f0b,ef53a1d1-5e87-4bb3-abe9-8db2f17a2fe9,AscendEX,Apple Pay,false,,,
f2559173-83e0-4bb0-85fc-435d26b845b9,ef53a1d1-5e87-4bb3-abe9-8db2f17a2fe9,AscendEX,Google Pay,false,,,
89b835a0-dcd7-43da-ab63-1e5cf2e3d85c,ef53a1d1-5e87-4bb3-abe9-8db2f17a2fe9,AscendEX,MoonPay,false,,61913fa7-17ef-4a90-95b0-3c625e12a37b,MoonPay
d13871ae-2814-406c-9c49-79af19de1f5c,ef53a1d1-5e87-4bb3-abe9-8db2f17a2fe9,AscendEX,Mercuryo,false,,ff47f5f0-49ea-49f7-8bfc-d28d8533bab5,Mercuryo
edb181ad-030d-4ec8-8aa9-fcaa3d9fb4f6,ef53a1d1-5e87-4bb3-abe9-8db2f17a2fe9,AscendEX,Banxa,false,,ae0f61a5-7a5e-46d1-a079-be0ccec83c81,Banxa
23c0043e-d8c8-4664-a671-08aeb94010dd,ef53a1d1-5e87-4bb3-abe9-8db2f17a2fe9,AscendEX,Simplex,false,,b5dc5fd7-a07b-4964-8262-3f08b450f759,Simplex
4c20e592-fb88-4822-b29f-3aedec45f402,91554304-d2fc-4052-a698-f42f8d166958,AvaTrade,Wire Transfer,true,GBR,,
d3b1fdf8-8e9d-4b49-8f87-0923168604e3,91554304-d2fc-4052-a698-f42f8d166958,AvaTrade,Debit / Credit Card,true,,,
81d3385b-ffb3-48db-baca-8d8d5ed736e3,91554304-d2fc-4052-a698-f42f8d166958,AvaTrade,Google Pay,true,,,
afd68563-fa29-4a45-a747-dd542e5f339e,91554304-d2fc-4052-a698-f42f8d166958,AvaTrade,Skrill,true,,1d71cc07-3953-4336-bfda-45ceb7ec0ed9,Skrill
fac29a68-12c4-4e71-86c9-bede567ded17,91554304-d2fc-4052-a698-f42f8d166958,AvaTrade,Neteller,true,,86641c75-6d49-406a-8de5-e45376ea604b,Neteller
a24f64b0-d57d-4402-80c3-dc920033187b,740a7eb0-2728-43e1-b6b2-5fe7bbf6eede,BTC Markets,BPay,true,AUS,,
0cf027eb-3e03-4502-8508-36942ca6f168,ae0f61a5-7a5e-46d1-a079-be0ccec83c81,Banxa,SEPA Transfer,true,,,
b63195f2-52cc-496d-adc3-5fe846e8f323,ae0f61a5-7a5e-46d1-a079-be0ccec83c81,Banxa,Bank transfer,,,,
bcdfcb0c-15cc-48a4-a4c3-b3a73ff955ac,ae0f61a5-7a5e-46d1-a079-be0ccec83c81,Banxa,Debit / Credit Card,,,,
1a30455a-2d29-4830-a515-2501911b3315,ae0f61a5-7a5e-46d1-a079-be0ccec83c81,Banxa,Apple Pay,,,,
3871f72f-5c33-4268-be35-448892579735,ae0f61a5-7a5e-46d1-a079-be0ccec83c81,Banxa,Google Pay,,,,
ae513602-8e96-4922-89a5-6eb3fb915a32,ae0f61a5-7a5e-46d1-a079-be0ccec83c81,Banxa,Interac,true,,,
4a3732ab-aa49-4aa7-8bfa-86eaf41ff1c2,ae0f61a5-7a5e-46d1-a079-be0ccec83c81,Banxa,OSKO/Pay ID,,,,
ff042ff3-992e-405c-95ca-581e7f823add,ae0f61a5-7a5e-46d1-a079-be0ccec83c81,Banxa,Faster Payments,,,,
71e1df63-c270-40af-bebf-1ff65314aa4d,ae0f61a5-7a5e-46d1-a079-be0ccec83c81,Banxa,iDeal,,,,
36717485-0a1f-4f8a-b792-26a2b9bce3f8,ae0f61a5-7a5e-46d1-a079-be0ccec83c81,Banxa,DLocal PIX,,,,
0935c562-9a73-484c-88a2-7aca2f6b93cc,ae0f61a5-7a5e-46d1-a079-be0ccec83c81,Banxa,DLocal,,,,
032b278a-2c9a-4f1e-a441-d76401be3367,4abb7ef9-49bb-4adf-8c05-7364333e3260,Binance,Linked Bank Account,true,USA,,
53cb1a58-c5b5-447e-9cd4-d32d74870665,4abb7ef9-49bb-4adf-8c05-7364333e3260,Binance,SEPA Transfer,,LTU,,
feedf178-523e-4d17-8ecf-581d268c9c0f,4abb7ef9-49bb-4adf-8c05-7364333e3260,Binance,Bank Transfer,,LTU,,
8dd0169b-266a-4fe0-b698-439f36a5659e,4abb7ef9-49bb-4adf-8c05-7364333e3260,Binance,Bank Deposit,,LTU,,
59230a22-b7b5-4442-973a-88edb7cd915c,4abb7ef9-49bb-4adf-8c05-7364333e3260,Binance,SEPA Transfer,,FRA,,
f1faf52a-60a3-4526-be60-f206232de4c0,4abb7ef9-49bb-4adf-8c05-7364333e3260,Binance,Paymonade,true,DEU,3f1e5a01-8006-4e4b-b892-68e6c907b8b2,Paymonade
b2193655-1abf-48a2-8616-e8d07464d792,4abb7ef9-49bb-4adf-8c05-7364333e3260,Binance,Revolut Pay,true,DEU,089d040e-b144-4f63-b784-30145874ae90,Revolut
a0b8805c-cee1-47ea-8a7f-f6493ba65c53,4abb7ef9-49bb-4adf-8c05-7364333e3260,Binance,Google Pay,true,DEU,,
cdab5563-0335-467c-a48c-399cae21c429,4abb7ef9-49bb-4adf-8c05-7364333e3260,Binance,SEPA Transfer,true,DEU,3f1e5a01-8006-4e4b-b892-68e6c907b8b2,Paymonade
42fbca54-214e-4046-a4a4-de3595f0d445,4abb7ef9-49bb-4adf-8c05-7364333e3260,Binance,Apple Pay,,DEU,,
05afbcfb-813e-451f-ad51-650840a30b85,4abb7ef9-49bb-4adf-8c05-7364333e3260,Binance,Debit / Credit Card,true,DEU,,
b4af8014-f13a-4239-85a6-088e117864ad,4e3e28bd-bba5-402b-88de-ed5ffe1c02f3,BingX,Onramp.money,true,,0287ee97-477c-4370-b9c2-599f84e565da,Onramp.money
e99e9f5a-45a1-4680-acb9-fb59de0b8780,4e3e28bd-bba5-402b-88de-ed5ffe1c02f3,BingX,MoonPay,true,,61913fa7-17ef-4a90-95b0-3c625e12a37b,MoonPay
ac845c7f-fc97-4748-9a9c-d9ca0f353f42,4e3e28bd-bba5-402b-88de-ed5ffe1c02f3,BingX,Banxa,true,,ae0f61a5-7a5e-46d1-a079-be0ccec83c81,Banxa
f90ed176-e801-4b89-8166-bf969e04e7b3,4e3e28bd-bba5-402b-88de-ed5ffe1c02f3,BingX,Advcash,true,,,
0e852e76-9df2-4b3a-9873-84be9d4b839d,4e3e28bd-bba5-402b-88de-ed5ffe1c02f3,BingX,Mercuryo,true,,ff47f5f0-49ea-49f7-8bfc-d28d8533bab5,Mercuryo
0d6a081e-c209-437a-83f3-b0238cab4136,4e3e28bd-bba5-402b-88de-ed5ffe1c02f3,BingX,Alchemy,true,,5f9c7631-96c5-4c3d-a6d1-183e7c52c457,Alchemy Pay
1c574fcd-67b7-48f9-b132-64e1c4b84ca2,4e3e28bd-bba5-402b-88de-ed5ffe1c02f3,BingX,Apple Pay,true,,,
34556469-2a61-4e9c-8ebf-8d7e892c6e59,4e3e28bd-bba5-402b-88de-ed5ffe1c02f3,BingX,Credit Card,true,,,
56af0431-7cfa-4acf-ab92-7aaf7492f4c4,4e3e28bd-bba5-402b-88de-ed5ffe1c02f3,BingX,SEPA Transfer,true,,,
689a928c-0c05-4d2b-bd3f-1502ba009789,4e3e28bd-bba5-402b-88de-ed5ffe1c02f3,BingX,SEPA Instant,true,,,
4f8f11f9-5ce6-4cd8-8dda-efebd43b1f21,4e3e28bd-bba5-402b-88de-ed5ffe1c02f3,BingX,Bizum,true,,,
68099644-6b5e-42e2-9da5-ea7aefdb88ca,4e3e28bd-bba5-402b-88de-ed5ffe1c02f3,BingX,Revolut Pay,true,,,
f36e209c-1957-4c2f-83fd-c772e42947eb,4e3e28bd-bba5-402b-88de-ed5ffe1c02f3,BingX,N26,true,,,
3abf12b1-e7d0-43a0-ae4e-dc5f70737b09,4e3e28bd-bba5-402b-88de-ed5ffe1c02f3,BingX,Bank Transfer,true,,,
8973d205-6ee5-4f86-a010-0368b94fa3db,f1aeb13d-abac-4bf3-a981-050b4f53236e,Bit2me,Bank Transfer,false,ESP,,
eb92a6ed-f315-4271-bdde-3bb44750b857,f1aeb13d-abac-4bf3-a981-050b4f53236e,Bit2me,Debit / Credit Card,true,,,
d8e8cbd3-57cc-4f04-a37a-badbdbba866d,f1aeb13d-abac-4bf3-a981-050b4f53236e,Bit2me,Apple Pay,true,,,
0542a6d4-cd12-4fee-a15e-96f26a65714b,f1aeb13d-abac-4bf3-a981-050b4f53236e,Bit2me,Google Pay,true,,,
95422210-5cd4-4b71-ba63-50c544e1328c,dfd6561b-d803-4bb8-bce4-e97f3bda8c52,BitFlyer,Credit Card,true,GBR,,
7381722a-e3c8-4318-9d39-ed483482acea,dfd6561b-d803-4bb8-bce4-e97f3bda8c52,BitFlyer,Debit Card,true,GBR,,
1d751d61-4e70-4957-9941-1ea1769a7570,dfd6561b-d803-4bb8-bce4-e97f3bda8c52,BitFlyer,Bank Transfer,true,,,
9a1dffd9-b9de-4345-8cc9-6e1adca8f0ee,dfd6561b-d803-4bb8-bce4-e97f3bda8c52,BitFlyer,SEPA Transfer,true,GBR,,
b913b3e1-eda1-4bf0-ab71-61975103fecc,dfd6561b-d803-4bb8-bce4-e97f3bda8c52,BitFlyer,PayPal,true,GBR,,
2a3a6da6-2ac3-4e56-8b5c-a3ee1797e2cf,dfd6561b-d803-4bb8-bce4-e97f3bda8c52,BitFlyer,Wire Transfer,,,,
21e69e14-97b3-4d5c-bd24-a4d631f74afe,dfd6561b-d803-4bb8-bce4-e97f3bda8c52,BitFlyer,Sofort,true,GBR,,
4f540a4f-999d-492a-96ea-32b7ae84f056,e2140447-6250-46e5-828a-2068bccc374d,Bitget,Debit / Credit Card,true,DEU,2959bf26-7c56-4761-979b-14ddfb3a7112,Multi X
3e92a895-0a43-4a38-b565-dea9b7dbef3b,e2140447-6250-46e5-828a-2068bccc374d,Bitget,SEPA Transfer,true,DEU,,
d206ab60-2e98-45d9-99d2-19d7515e62cb,e2140447-6250-46e5-828a-2068bccc374d,Bitget,Google Pay,true,DEU,2959bf26-7c56-4761-979b-14ddfb3a7112,Multi X
5da054e7-f54d-4b96-b6d2-ee86a934ec84,e2140447-6250-46e5-828a-2068bccc374d,Bitget,Apple Pay,true,DEU,2959bf26-7c56-4761-979b-14ddfb3a7112,Multi X
377e2c02-f090-4bed-b4b3-e103acb1f612,e2140447-6250-46e5-828a-2068bccc374d,Bitget,SEPA Transfer,true,DEU,ae0f61a5-7a5e-46d1-a079-be0ccec83c81,Banxa
9294ca1b-547a-4adf-a835-45d592bd48c4,e2140447-6250-46e5-828a-2068bccc374d,Bitget,Debit / Credit Card,true,DEU,ff47f5f0-49ea-49f7-8bfc-d28d8533bab5,Mercuryo
52aefe8f-b168-476b-a0a7-430ffa980e8e,e2140447-6250-46e5-828a-2068bccc374d,Bitget,Debit / Credit Card,true,DEU,5f9c7631-96c5-4c3d-a6d1-183e7c52c457,Alchemy Pay
6ecdb295-3c32-4978-a297-c49dc2d7e1bd,e2140447-6250-46e5-828a-2068bccc374d,Bitget,Debit / Credit Card,true,DEU,b5dc5fd7-a07b-4964-8262-3f08b450f759,Simplex
d4644f10-e2b5-4479-99f9-b91ce7bc2baa,e2140447-6250-46e5-828a-2068bccc374d,Bitget,Google Pay,true,DEU,ae0f61a5-7a5e-46d1-a079-be0ccec83c81,Banxa
32eb14f3-e64c-471d-bcb9-2b7789803f17,e2140447-6250-46e5-828a-2068bccc374d,Bitget,Google Pay,true,DEU,ff47f5f0-49ea-49f7-8bfc-d28d8533bab5,Mercuryo
39f0430f-44ae-4006-b7fd-df9457333c93,e2140447-6250-46e5-828a-2068bccc374d,Bitget,Google Pay,true,DEU,5f9c7631-96c5-4c3d-a6d1-183e7c52c457,Alchemy Pay
b93b8ec6-ce2a-4b31-8749-41593cab01be,e2140447-6250-46e5-828a-2068bccc374d,Bitget,Google Pay,true,DEU,b5dc5fd7-a07b-4964-8262-3f08b450f759,Simplex
6cca8f6b-6945-4179-ab3f-14f193e03978,e2140447-6250-46e5-828a-2068bccc374d,Bitget,Dutch Instant Bank Transfer,true,DEU,ae0f61a5-7a5e-46d1-a079-be0ccec83c81,Banxa
ecce8bab-70e0-4a83-bfb4-a9e4bea74a56,581cc0b3-50a5-429e-9d4c-321832305488,Bitpanda,SEPA Transfer,true,LTU,,
77436bd2-356f-4198-afae-50a94e4e82e3,581cc0b3-50a5-429e-9d4c-321832305488,Bitpanda,Debit / Credit Card,true,,,
8fce32c4-73cd-44c2-b19f-bbdc5e4b7ec7,581cc0b3-50a5-429e-9d4c-321832305488,Bitpanda,Apple Pay,true,,,
46de8cf4-0a41-49dd-b1d7-d220946873f7,581cc0b3-50a5-429e-9d4c-321832305488,Bitpanda,PayPal,true,,,
7ed59fad-b539-4e40-bb46-f4cef19aabb5,581cc0b3-50a5-429e-9d4c-321832305488,Bitpanda,Sofort,true,,,
5192af44-35ed-444d-ae6f-d2e99a0d1622,581cc0b3-50a5-429e-9d4c-321832305488,Bitpanda,Skrill,true,,1d71cc07-3953-4336-bfda-45ceb7ec0ed9,Skrill
79b13ce4-8ef1-45ba-af52-7a3762ed8f03,581cc0b3-50a5-429e-9d4c-321832305488,Bitpanda,Neteller,true,,86641c75-6d49-406a-8de5-e45376ea604b,Neteller
e394f4ce-52c2-48b6-8ab3-3c931540bf56,581cc0b3-50a5-429e-9d4c-321832305488,Bitpanda,Giropay,,DEU,,
b3d4da78-4264-4459-826b-01db9d6651dc,581cc0b3-50a5-429e-9d4c-321832305488,Bitpanda,EPS,,AUT,,
da3c4b14-53d4-4a0d-a84f-f9d4592b6e9f,fd6f4ad2-11d9-453d-a308-21bf1326e691,Bitstamp,SEPA Transfer,,EST,,
1d1d46f8-4c80-49da-b88c-c41ac5b5bb19,fd6f4ad2-11d9-453d-a308-21bf1326e691,Bitstamp,Wire Transfer,,USA,,
e5ea3f59-d4ca-4cfc-ace6-7a5f52f5253f,fd6f4ad2-11d9-453d-a308-21bf1326e691,Bitstamp,SEPA Transfer,,GBR,,
f64874df-41ce-4ecb-b59a-ae7c93f87fcd,fd6f4ad2-11d9-453d-a308-21bf1326e691,Bitstamp,Bank Transfer,,GBR,,
658018eb-163f-44ad-8263-f43b13fa7a31,af9f0a20-a549-499f-abbf-8a6f6cb570b7,Bitvavo,SEPA Transfer,true,,,
b9fb80e7-9a5e-48c2-8db5-ba77769d1ced,af9f0a20-a549-499f-abbf-8a6f6cb570b7,Bitvavo,Credit Card,true,,,
92e3e3a2-16af-4ae1-81e2-047f20b31192,af9f0a20-a549-499f-abbf-8a6f6cb570b7,Bitvavo,iDeal,true,,,
ba7bd618-cacc-49bb-83b2-bb809ac3a73f,af9f0a20-a549-499f-abbf-8a6f6cb570b7,Bitvavo,PayPal,true,,,
14c9aca1-7b9d-4317-ac5c-fbd699b2a506,af9f0a20-a549-499f-abbf-8a6f6cb570b7,Bitvavo,Sofort,true,,,
7969d8b7-4d1c-470c-baf7-d0df2002d8ae,af9f0a20-a549-499f-abbf-8a6f6cb570b7,Bitvavo,Bancontact,true,,,
03f92137-527d-4521-a5b5-a72201119339,af9f0a20-a549-499f-abbf-8a6f6cb570b7,Bitvavo,EPS,true,,,
82d533e0-0aee-43d1-96ba-45dbf7857ad5,af9f0a20-a549-499f-abbf-8a6f6cb570b7,Bitvavo,Giropay,true,,,
3b361501-a3ec-4271-920c-9269629a7930,689d49da-145f-48d9-b045-c417e23921ae,Blockchain.com,SEPA Transfer,true,,,
8015366d-5fa4-468c-ac87-12d4ad1c3dd7,689d49da-145f-48d9-b045-c417e23921ae,Blockchain.com,Wire transfer,true,USA,,
dc4cd966-15a1-41dd-b748-c7812fdfeed6,689d49da-145f-48d9-b045-c417e23921ae,Blockchain.com,Faster Payments,true,GBR,,
867287d8-83a7-4826-bcef-3bb3ea340fcd,689d49da-145f-48d9-b045-c417e23921ae,Blockchain.com,Easy Bank Transfer,true,,,
ebb97681-70fe-48e4-89ef-6f98e812457a,1d6e284c-1d54-43b9-b1c9-d52df1cf2bbd,Bybit,SEPA Transfer,,DEU,,
dab2138e-4ca7-4968-b988-6491c843dea9,1d6e284c-1d54-43b9-b1c9-d52df1cf2bbd,Bybit,Easy Bank Payment,,DEU,,
218e95d8-84c0-402f-a7e9-0ab99953ece0,1d6e284c-1d54-43b9-b1c9-d52df1cf2bbd,Bybit,iDeal,,DEU,,
ac4acb1f-6067-4b3c-84a6-521ff63fe3bd,1d6e284c-1d54-43b9-b1c9-d52df1cf2bbd,Bybit,SEPA Transfer (Netherlands),,DEU,,
4cb03851-1317-456d-9260-07b6a31e72c1,1d6e284c-1d54-43b9-b1c9-d52df1cf2bbd,Bybit,Zen.com,,DEU,,
d611abc2-e5b6-424d-8315-d49f1da0dc6a,58276b0f-fa0e-47da-9f14-8be1c217222f,Cash App,Debit Card,true,USA,,
d683339e-9eb2-4aa6-9955-10b84aefc758,58276b0f-fa0e-47da-9f14-8be1c217222f,Cash App,Bank Transfer,true,USA,,
3f59335c-fa91-466e-b1ec-c9c786e891ee,39cf9de0-6de7-4d58-a85a-7eeccc96f77b,Cex.io,SWIFT Transfer,,LTU,,
e0a12b4a-4918-4cc9-9b97-5d89325a791e,39cf9de0-6de7-4d58-a85a-7eeccc96f77b,Cex.io,SEPA Transfer,,LTU,,
136adcce-cb5f-45dd-a4bb-fa2db3b26b50,39cf9de0-6de7-4d58-a85a-7eeccc96f77b,Cex.io,Bank Transfer,,LTU,,
aad5863e-cdc8-46f9-a7e4-df4a859b6b49,39cf9de0-6de7-4d58-a85a-7eeccc96f77b,Cex.io,SEPA Transfer,,GBR,,
f229b7fd-66ef-4b2d-b2bb-37d3dfcd7eea,39cf9de0-6de7-4d58-a85a-7eeccc96f77b,Cex.io,Faster Payments,true,,,
c68d1cdb-9c73-466b-ab35-5ef055e3043e,39cf9de0-6de7-4d58-a85a-7eeccc96f77b,Cex.io,Debit / Credit Card,false,,,
502d226a-4404-4e62-8c96-1eb05c107e71,1e7acbef-3ca4-4d1b-ae4a-00d39d0d93ee,CoinCorner,SEPA Transfer,false,,,
52930ede-06d1-4d0d-a243-e47d6eebeaf4,6896b296-6abd-4e58-9e1a-ba02d2d55886,CoinJar,BPay,true,,,
0e1af1f3-be9e-444c-857b-e1c24329c4f1,6896b296-6abd-4e58-9e1a-ba02d2d55886,CoinJar,Bank Transfer,true,,,
dedfd257-6b7b-4c63-bf1b-83dedc059aac,6896b296-6abd-4e58-9e1a-ba02d2d55886,CoinJar,SEPA Transfer,true,,,
11e142e8-8d6a-4934-9c2a-32fc2cdcfb0d,6896b296-6abd-4e58-9e1a-ba02d2d55886,CoinJar,Faster Payments,true,,,
50ecf045-0a1d-454c-9987-69b8b6ac04f2,6896b296-6abd-4e58-9e1a-ba02d2d55886,CoinJar,PayID,true,,,
fd8ab414-f360-44ac-8ff2-1f70b81e3fc4,6896b296-6abd-4e58-9e1a-ba02d2d55886,CoinJar,Debit / Credit Card,true,,,
bfe4d13b-959d-432e-80f1-d6a0b5b06c8c,7d4f6e6c-fce8-4e3c-b0dd-9a860a1035b5,Coinbase,Debit Card,true,USA,,
00437283-68b4-4ff1-8370-f8906a580b7b,7d4f6e6c-fce8-4e3c-b0dd-9a860a1035b5,Coinbase,PayPal,true,USA,,
d583bf47-fa74-4210-b71e-702e16ef4097,7d4f6e6c-fce8-4e3c-b0dd-9a860a1035b5,Coinbase,Wire Transfer,false,USA,,
0ec051ac-526b-4d8c-b2d3-422c065ab867,7d4f6e6c-fce8-4e3c-b0dd-9a860a1035b5,Coinbase,SEPA Transfer,,EST,,
c56e61bc-24dc-4988-90ed-c0bcfd8c365f,7d4f6e6c-fce8-4e3c-b0dd-9a860a1035b5,Coinbase,Giftcard,true,USA,,
aa18309a-9150-4f87-ba51-6a94c33ef393,7d4f6e6c-fce8-4e3c-b0dd-9a860a1035b5,Coinbase,SEPA Transfer,,DEU,,
837315d7-468f-4b95-891c-1a6e31186033,7d4f6e6c-fce8-4e3c-b0dd-9a860a1035b5,Coinbase,Linked Bank Account,true,USA,,
6812e879-1457-440c-9d2e-3a489d401c61,0d41e81a-e9e7-432e-9cc9-2db495efb9a9,Coinmetro,SEPA Transfer,false,MLT,,
83833e86-616f-437c-b3d3-0915558083e8,0d41e81a-e9e7-432e-9cc9-2db495efb9a9,Coinmetro,Debit / Credit Card,true,,,
bf75c9bb-55dc-4f79-8d66-56547ad79772,0d41e81a-e9e7-432e-9cc9-2db495efb9a9,Coinmetro,Apple Pay,,,,
1918833e-f157-4338-86fb-b3b0d21e92fa,0d41e81a-e9e7-432e-9cc9-2db495efb9a9,Coinmetro,Google Pay,,,,
4ec8700b-e92a-40c3-9b0a-157ebdea295f,0d41e81a-e9e7-432e-9cc9-2db495efb9a9,Coinmetro,Faster Payments,true,GBR,,
6380d265-b321-4808-96db-aee05fc2be7e,a002405f-8946-4133-b598-bc543510ad8a,Crypto.com,Credit Card,,USA,,
6a53af8b-2138-4fe1-8827-518ae13d340d,a002405f-8946-4133-b598-bc543510ad8a,Crypto.com,PayPal,,USA,,
d4e64ece-f870-42fa-8511-fb86c849f40c,a002405f-8946-4133-b598-bc543510ad8a,Crypto.com,Bank Transfer,,USA,,
28b89811-1f9c-490e-8474-1c9588089934,a002405f-8946-4133-b598-bc543510ad8a,Crypto.com,Bank Wire,,USA,,
586c5a1f-2cef-4edc-90a8-de27e4a0d187,eb472792-66b8-40a5-b864-76882f7a7859,Delta Exchange,Bank Transfer,true,IND,,
861dd69e-a849-4a39-be30-80bade43eeac,fa812b99-1e84-4f2c-8c6b-58ce1e7d0e29,Dzengi,Bank transfer,false,,,
b678247b-10a0-4306-ab87-f189860f2b28,fa812b99-1e84-4f2c-8c6b-58ce1e7d0e29,Dzengi,Debit / Credit Card,true,,,
4be5901c-5cd3-463b-8ee5-4bfdab1ae1f4,89800d6d-b19c-4328-be2c-ea77f98300f6,EXMO,SEPA Transfer,,,,
640a44d6-55ff-415e-bdfb-80220a4f336c,89800d6d-b19c-4328-be2c-ea77f98300f6,EXMO,Advcash,true,,,
f0d065a2-ef6f-4141-98c3-a61875ed7074,89800d6d-b19c-4328-be2c-ea77f98300f6,EXMO,Gift Card,true,,,
a63d7594-194b-4da9-b3c8-6aa1838b1ade,89800d6d-b19c-4328-be2c-ea77f98300f6,EXMO,Etana Custody,true,,32f8e8cd-0b93-47ba-bf5d-c870f733ddc2,
4f39c214-97c6-467f-a140-678be9a54e55,89800d6d-b19c-4328-be2c-ea77f98300f6,EXMO,Apple Pay Nuvei,true,,,
a0b3c080-1040-458a-aef0-a723fd9d5e9d,89800d6d-b19c-4328-be2c-ea77f98300f6,EXMO,Payeer,true,,,
5eae144a-5cf3-406c-866b-67f4f86253f3,89800d6d-b19c-4328-be2c-ea77f98300f6,EXMO,PayByZEN,true,,,
93e416ea-e045-4485-aa48-33c5bca46d8a,89800d6d-b19c-4328-be2c-ea77f98300f6,EXMO,Blik,true,,,
b1e0ce22-fecb-43fe-bccd-f984cb7a8610,89800d6d-b19c-4328-be2c-ea77f98300f6,EXMO,PIX,true,,,
634020dd-9ee1-48aa-965a-983935667d6b,89800d6d-b19c-4328-be2c-ea77f98300f6,EXMO,Google Pay,,,,
1bde441f-d5c1-4c4e-b86e-3a325872d421,3de4c409-0fa1-4b43-a0b9-b9930f7ab446,Gate.io,Debit Card,,IRL,,
a6e23c9d-86f7-47f1-a3ab-57cac6633e95,3de4c409-0fa1-4b43-a0b9-b9930f7ab446,Gate.io,Credit Card,,IRL,,
c073c55a-3f7e-4e31-ada3-b913a10533a6,3de4c409-0fa1-4b43-a0b9-b9930f7ab446,Gate.io,Google Pay,,IRL,,
3c929c16-f3c0-4700-a953-22b0d5fbe2a7,3de4c409-0fa1-4b43-a0b9-b9930f7ab446,Gate.io,Bank Transfer,,IRL,,
e1f89152-1b2f-4b27-bb75-a885754de0d9,3de4c409-0fa1-4b43-a0b9-b9930f7ab446,Gate.io,Onramper,,IRL,837331e7-d4f3-4372-8642-62b3ca0fb410,Onramper
f057a064-91d7-4660-b6f1-d6b2d772db97,3de4c409-0fa1-4b43-a0b9-b9930f7ab446,Gate.io,MoonPay,,IRL,61913fa7-17ef-4a90-95b0-3c625e12a37b,MoonPay
bdc9659c-9f89-43b1-a78a-a10e7b04f514,3de4c409-0fa1-4b43-a0b9-b9930f7ab446,Gate.io,Mercuryo,,IRL,ff47f5f0-49ea-49f7-8bfc-d28d8533bab5,Mercuryo
47b4eb30-35b1-4d9b-b5a5-f7777ddd3ed7,3de4c409-0fa1-4b43-a0b9-b9930f7ab446,Gate.io,Banxa,,IRL,ae0f61a5-7a5e-46d1-a079-be0ccec83c81,Banxa
5490144f-082e-4acc-9cfe-ffd0e3798a91,3de4c409-0fa1-4b43-a0b9-b9930f7ab446,Gate.io,Volet,,IRL,c48539e9-92ee-4794-96a5-21908c3e1e9f,Volet
8d70c16d-7560-4619-b2dc-fb31c1ac7531,3de4c409-0fa1-4b43-a0b9-b9930f7ab446,Gate.io,BTC Direct,,IRL,61fcc0b4-2d87-4265-97f4-95e1cf380294,BTC Direct
3196db6a-8160-457a-add2-b74f6fcb3e36,3de4c409-0fa1-4b43-a0b9-b9930f7ab446,Gate.io,Simplex,,IRL,b5dc5fd7-a07b-4964-8262-3f08b450f759,Simplex
f1573913-65bc-4faa-9366-fa29804d6a14,b359a823-691c-47c2-88d4-e071119d30ec,Gemini,Wire Transfer,,USA,,
4bf2b7bc-e631-45eb-a9ce-7386b1f68350,b359a823-691c-47c2-88d4-e071119d30ec,Gemini,Bank Account,true,USA,,
2c671c1c-0bd2-453d-b772-aad5de5e11fb,b359a823-691c-47c2-88d4-e071119d30ec,Gemini,PayPal,true,USA,,
92ef2b17-a430-44f0-bed7-69c8430a2f64,c3544c3b-d739-4928-bc69-6192efce5c5c,Guardarian,SEPA Transfer,true,,,
b0039fb2-b380-4e52-8062-3bfe3e25165b,c3544c3b-d739-4928-bc69-6192efce5c5c,Guardarian,Credit Card,true,,,
f7cd4ff5-c4a7-4de7-b051-af71440a3fd2,c3544c3b-d739-4928-bc69-6192efce5c5c,Guardarian,Debit Card,true,,,
5d98edb1-7f17-42c1-a7e2-8bdf62cfeef7,c3544c3b-d739-4928-bc69-6192efce5c5c,Guardarian,Revolut Pay,true,,,
5198ae9d-b2f8-4b25-adb9-cf90299859be,c3544c3b-d739-4928-bc69-6192efce5c5c,Guardarian,Google Pay,true,,,
89c0d4bc-a754-4ea8-b72d-8f675fe3394f,c3544c3b-d739-4928-bc69-6192efce5c5c,Guardarian,Apple Pay,true,,,
56226395-3313-4cda-bd0f-65f77c0f00b9,a2112108-2978-4522-85a6-0a8c50344013,HTX,SEPA Transfer,true,,,
9d958ccc-82b2-496d-982b-d7264f059054,c9d37d78-6695-47a2-a210-c32fd90d56e3,IG Group,Debit / Credit Card,true,,,
3d361965-3a6e-482b-bb62-7c5f1cae24ed,c9d37d78-6695-47a2-a210-c32fd90d56e3,IG Group,Wire Transfer,true,,,
45235505-992c-4bcf-bdde-642886143fbe,d503453c-dc3b-44f9-b281-3f0f1f79420a,Interactive Brokers,Wire Transfer,,LTU,,
0fe7f1c4-f118-4f6d-9488-fecf97aac9f7,d503453c-dc3b-44f9-b281-3f0f1f79420a,Interactive Brokers,Wise,,,112f4b6b-e6a8-40c0-bc2f-68170d2d3d12,Wise
ace2334a-e61a-44f2-9831-f80b4460ac0f,d57617ed-fd54-461f-8b61-57cbe82fcb9d,Kraken,PayPal,,LTU,,
66c39ca8-87e7-4cac-932b-62af628b2a3e,d57617ed-fd54-461f-8b61-57cbe82fcb9d,Kraken,Bank Transfer,,LTU,,
da30d397-81bb-4bab-b0c6-fbd9e23804d7,d57617ed-fd54-461f-8b61-57cbe82fcb9d,Kraken,SEPA Transfer,,LTU,,
9a9a1081-e2ab-4aee-9d31-c52311072762,d57617ed-fd54-461f-8b61-57cbe82fcb9d,Kraken,SEPA & SEPA Instant,,LTU,,
03c4c4ae-8cd0-41b6-a32c-fc03790ed3ad,d57617ed-fd54-461f-8b61-57cbe82fcb9d,Kraken,SWIFT Transfer,,LTU,,
7b82de2f-b0bd-4219-88a7-0af7c6058a7a,18fe7739-869e-43b4-84c1-7eefe19b8e82,Kriptomat,SEPA Transfer,true,,,
e9a8ebb8-f799-423c-9abb-0afcfd635080,18fe7739-869e-43b4-84c1-7eefe19b8e82,Kriptomat,Debit / Credit Card,true,,,
0c50b0e9-b404-4315-932f-c7cc1ab2e52e,18fe7739-869e-43b4-84c1-7eefe19b8e82,Kriptomat,Skrill,true,,1d71cc07-3953-4336-bfda-45ceb7ec0ed9,Skrill
d3d6dafd-4d68-4dac-b87c-c38378df2e31,18fe7739-869e-43b4-84c1-7eefe19b8e82,Kriptomat,Neteller,true,,86641c75-6d49-406a-8de5-e45376ea604b,Neteller
ceab9eef-2cc4-49ae-ac9a-52c67a91fd7f,18fe7739-869e-43b4-84c1-7eefe19b8e82,Kriptomat,Astro Pay,true,,89545e05-1121-41e6-9662-3e20fc6a3314,Astro Pay
95f12448-0775-4cb6-a8f1-7f006bb13209,18fe7739-869e-43b4-84c1-7eefe19b8e82,Kriptomat,SOFORT Banking,true,,,
c0853c4a-334f-43be-9efe-6e370919b6f3,95814c16-b395-4610-b494-7dabb16f88f7,Kucoin,SEPA Transfer,,IRL,,
6373d7ac-757e-4820-a86f-8e32bf2b4587,95814c16-b395-4610-b494-7dabb16f88f7,Kucoin,Debit / Credit Card,true,DEU,,
fa718c7a-e81e-4891-9918-6f659dc5d730,95814c16-b395-4610-b494-7dabb16f88f7,Kucoin,Revolut Pay,true,DEU,089d040e-b144-4f63-b784-30145874ae90,Revolut
19df6db7-31cc-4c49-a2ee-1d8eca537031,95814c16-b395-4610-b494-7dabb16f88f7,Kucoin,Apple Pay,true,DEU,ae0f61a5-7a5e-46d1-a079-be0ccec83c81,Banxa
2a1b96ca-7a74-40f3-847e-b8b5d2af9f9d,95814c16-b395-4610-b494-7dabb16f88f7,Kucoin,Apple Pay,true,DEU,b5dc5fd7-a07b-4964-8262-3f08b450f759,Simplex
44ca7f59-0f6d-4276-b978-4948ba2fa22b,95814c16-b395-4610-b494-7dabb16f88f7,Kucoin,SEPA Transfer,true,DEU,c85c6c0f-776e-450d-976f-708195d36675,Legend Trading
07faa6ff-bbc7-43fd-99dd-25ba35f1b00f,95814c16-b395-4610-b494-7dabb16f88f7,Kucoin,SEPA Transfer,true,DEU,ae0f61a5-7a5e-46d1-a079-be0ccec83c81,Banxa
9cd63e5c-d092-43a6-8f41-f1c5e7f705ce,95814c16-b395-4610-b494-7dabb16f88f7,Kucoin,SEPA Transfer,true,DEU,b5dc5fd7-a07b-4964-8262-3f08b450f759,Simplex
18faea5f-30ca-4493-b0c3-ed73841389fa,95814c16-b395-4610-b494-7dabb16f88f7,Kucoin,SEPA Transfer,true,DEU,61fcc0b4-2d87-4265-97f4-95e1cf380294,BTC Direct
2b74e854-46c3-433e-945e-a57c33b2d6a7,95814c16-b395-4610-b494-7dabb16f88f7,Kucoin,iDeal,true,DEU,ae0f61a5-7a5e-46d1-a079-be0ccec83c81,Banxa
57ff2a1d-fc9d-4342-af89-aa766f5c889d,95814c16-b395-4610-b494-7dabb16f88f7,Kucoin,iDeal,true,DEU,61fcc0b4-2d87-4265-97f4-95e1cf380294,BTC Direct
afbce485-c5ad-4fe1-a804-0b3801630018,95814c16-b395-4610-b494-7dabb16f88f7,Kucoin,Bancontact,true,DEU,61fcc0b4-2d87-4265-97f4-95e1cf380294,BTC Direct
1fcd8ea9-0097-4d9e-9893-2bc3e1d72cca,95814c16-b395-4610-b494-7dabb16f88f7,Kucoin,Sofort,true,DEU,61fcc0b4-2d87-4265-97f4-95e1cf380294,BTC Direct
4c4e4834-5a13-410b-a44e-a1d5d6718470,f4e5aa00-3b54-48e5-85c0-fdd72b4377d9,Kuna,SEPA Transfer,true,,,
d050c81e-3941-48a7-99bb-4f09d7f0086e,f4e5aa00-3b54-48e5-85c0-fdd72b4377d9,Kuna,Debit / Credit Card,true,,,
48c5db72-e8d7-4db1-9031-fe8012e7a57c,f4e5aa00-3b54-48e5-85c0-fdd72b4377d9,Kuna,Volt,true,,,
5fe9908b-7a81-4196-bbbb-7c9d2e63f050,c89c35f1-4350-4351-b9ec-87d07f3a52fb,LCX,SEPA Transfer,false,,,
dc58dd03-e912-4398-b952-8d6fc1bcf378,c89c35f1-4350-4351-b9ec-87d07f3a52fb,LCX,Debit / Credit Card,true,,,
ea5c6982-8817-4c71-9aa7-a941148aa2d3,c89c35f1-4350-4351-b9ec-87d07f3a52fb,LCX,SEPA Instant,false,,,
f75f7136-c779-4875-bf56-86420ac0e486,53ca0b28-cf89-453c-80f2-0e5fe56ca50e,LUNO,Bank Transfer,,,,
8b3529e0-e251-4271-9cc8-888a43363d19,58e680e2-88ec-4453-b20b-c166a36e12c5,LibertyX,Physical Fiat,true,USA,,
d0d8f2d2-5cb3-46fb-b509-0139b561d429,58e680e2-88ec-4453-b20b-c166a36e12c5,LibertyX,Debit / Credit Card,true,USA,,
a08c088b-aacd-4b19-a060-8caba5de9ce9,ae74106e-d8b9-48dd-8605-0585d7376d30,MEXC,SEPA Transfer,true,,,
6f3604d4-0771-49be-9aa2-e3238d80a191,ff47f5f0-49ea-49f7-8bfc-d28d8533bab5,Mercuryo,Debit Card,true,USA,,
1db86dfa-9615-403e-80e7-6eb3eb38cabe,ff47f5f0-49ea-49f7-8bfc-d28d8533bab5,Mercuryo,Apple Pay,true,DEU,,
343c0db5-0ec6-4168-b6d0-3e95a67df742,ff47f5f0-49ea-49f7-8bfc-d28d8533bab5,Mercuryo,Google Pay,true,DEU,,
19720969-8557-4a9b-86dd-08d7286a2b48,ff47f5f0-49ea-49f7-8bfc-d28d8533bab5,Mercuryo,SEPA Transfer,true,DEU,,
e28fed62-36b0-400e-8bda-42447c011ea0,ff47f5f0-49ea-49f7-8bfc-d28d8533bab5,Mercuryo,Revolut Pay,true,DEU,089d040e-b144-4f63-b784-30145874ae90,Revolut
6152403a-9709-4b75-b37f-4aa59f28b717,bb1d8e77-e654-4a66-9d0e-33e4811da598,MetaMask,SEPA Transfer,,LTU,61913fa7-17ef-4a90-95b0-3c625e12a37b,MoonPay
92f77137-a4cd-4cfc-b5ed-499edf3338d0,bb1d8e77-e654-4a66-9d0e-33e4811da598,MetaMask,Revolut Pay,,DEU,089d040e-b144-4f63-b784-30145874ae90,Revolut
2ee1b561-6761-480c-8de2-2772b1dcc533,bb1d8e77-e654-4a66-9d0e-33e4811da598,MetaMask,SEPA Transfer,,DEU,ff47f5f0-49ea-49f7-8bfc-d28d8533bab5,Mercuryo
1ff96076-a399-42a7-a50a-0a4abfe5a690,bb1d8e77-e654-4a66-9d0e-33e4811da598,MetaMask,Wire Transfer,,DEU,ced7e171-648d-4001-a661-70f8454dbfe6,Circle
5e2cdbe4-58b8-45a1-9b67-99e4479449cb,bb1d8e77-e654-4a66-9d0e-33e4811da598,MetaMask,Debit / Credit Card,,DEU,61913fa7-17ef-4a90-95b0-3c625e12a37b,MoonPay
bcff82b2-7fb0-4b11-8aec-551f4528d118,bb1d8e77-e654-4a66-9d0e-33e4811da598,MetaMask,Debit / Credit Card,,DEU,e53754a5-21c4-415d-bdaf-904e19e6ca5d,Unlimit
a632191d-7093-4ae0-95bd-45fdfa519c4c,bb1d8e77-e654-4a66-9d0e-33e4811da598,MetaMask,Debit / Credit Card,,DEU,089d040e-b144-4f63-b784-30145874ae90,Revolut
35480dc7-35f1-4665-bda5-b9297f1fe42e,bb1d8e77-e654-4a66-9d0e-33e4811da598,MetaMask,Debit / Credit Card,,DEU,ae0f61a5-7a5e-46d1-a079-be0ccec83c81,Banxa
18eebf50-4c00-48e8-b1eb-88f8d8e7b09c,bb1d8e77-e654-4a66-9d0e-33e4811da598,MetaMask,Debit / Credit Card,,DEU,6040ea2a-8bc7-4329-a294-31fa44f332bc,Sardine
1adf045b-e095-41ac-baa7-ddbdd3556fb5,bb1d8e77-e654-4a66-9d0e-33e4811da598,MetaMask,Debit / Credit Card,,DEU,689d49da-145f-48d9-b045-c417e23921ae,Blockchain.com
6bd89f0b-56cf-44ea-a10c-1bd0cbd176c6,bb1d8e77-e654-4a66-9d0e-33e4811da598,MetaMask,Debit / Credit Card,,DEU,7d29f90f-cef2-40f3-b230-2ddb832e8652,Ramp Network
461162dd-b805-483a-9eb4-0bababe27fd2,bb1d8e77-e654-4a66-9d0e-33e4811da598,MetaMask,Debit / Credit Card,,DEU,57d505e9-b7a4-4014-a04d-55b1bc296deb,Transak
2b5717a7-0f03-4ff1-8b14-c1402080098d,bb1d8e77-e654-4a66-9d0e-33e4811da598,MetaMask,Debit / Credit Card,,DEU,ff47f5f0-49ea-49f7-8bfc-d28d8533bab5,Mercuryo
940fddb3-b2c5-477b-8f0b-45bf8798a9d7,bb1d8e77-e654-4a66-9d0e-33e4811da598,MetaMask,Debit / Credit Card,,DEU,3eb66f59-ccaf-4224-b620-80f6171adeec,Link
2306d71a-4c49-4d53-bb37-1cd41551ee17,bb1d8e77-e654-4a66-9d0e-33e4811da598,MetaMask,Debit / Credit Card,,DEU,7d4f6e6c-fce8-4e3c-b0dd-9a860a1035b5,Coinbase
488ba36f-3242-49b4-9c48-c2a5d1a55a3f,bb1d8e77-e654-4a66-9d0e-33e4811da598,MetaMask,Revolut Pay,,DEU,ff47f5f0-49ea-49f7-8bfc-d28d8533bab5,Mercuryo
d8809be2-5d68-4c92-91c3-b02cff3b897a,bb1d8e77-e654-4a66-9d0e-33e4811da598,MetaMask,SEPA Transfer,,DEU,e53754a5-21c4-415d-bdaf-904e19e6ca5d,Unlimit
94d48c6a-94d4-4ac7-a13e-8183374c4f9f,bb1d8e77-e654-4a66-9d0e-33e4811da598,MetaMask,SEPA Transfer,,DEU,57d505e9-b7a4-4014-a04d-55b1bc296deb,Transak
452489c0-d8fc-4ff1-b22a-4a28447be3da,bb1d8e77-e654-4a66-9d0e-33e4811da598,MetaMask,SEPA Transfer,,DEU,ae0f61a5-7a5e-46d1-a079-be0ccec83c81,Banxa
5ea36245-d383-41fb-9243-f28a8f042a25,bb1d8e77-e654-4a66-9d0e-33e4811da598,MetaMask,SEPA Transfer,,DEU,7d29f90f-cef2-40f3-b230-2ddb832e8652,Ramp Network
d40e5dc0-26a8-4290-8f6c-17215d559d7a,bb1d8e77-e654-4a66-9d0e-33e4811da598,MetaMask,SEPA Transfer,,DEU,0287ee97-477c-4370-b9c2-599f84e565da,Onramp.money
68e228a8-bdfd-4298-bd8e-597d62047b95,61913fa7-17ef-4a90-95b0-3c625e12a37b,MoonPay,Credit Card,true,LTU,,
4d207234-9ee8-464c-8392-8f800abc9dbc,61913fa7-17ef-4a90-95b0-3c625e12a37b,MoonPay,Bank Account,true,LTU,,
c0677dac-2c79-4573-ba48-f9b6aa98f738,ebe2aee3-c46f-4755-92fc-a89fbcc7bbd5,Nobitex,Credit Card,true,IRN,,
5f86a9da-0826-4103-b0bf-847bf1bccfce,0b71a7ac-f0cc-470e-8c9f-abda86de25d7,OKX,SEPA Transfer,true,IRL,,
ffb55c01-e62a-493f-9895-c91dbff2424a,0b71a7ac-f0cc-470e-8c9f-abda86de25d7,OKX,Debit Card,true,IRL,,
e6627d2b-aabf-49bd-b70d-8a79ea019814,983a19d7-431d-481e-84ed-828b0d430d16,Plus500,Google Pay,true,LTU,,
a4aa6c6c-238c-484d-95b9-1cbf7d2fa7b1,983a19d7-431d-481e-84ed-828b0d430d16,Plus500,PayPal,true,LTU,,
5397bc8e-8236-44ef-8b11-a3a95dde5124,983a19d7-431d-481e-84ed-828b0d430d16,Plus500,Bank Transfer,true,LTU,,
9257e42c-910f-4979-b46c-40b931d878de,983a19d7-431d-481e-84ed-828b0d430d16,Plus500,Credit Card,true,LTU,,
819f546c-4c73-47bb-9968-996aeec7bcea,983a19d7-431d-481e-84ed-828b0d430d16,Plus500,Debit Card,true,LTU,,
7adb7899-7d82-4820-9b05-5ddd12fd1ab1,983a19d7-431d-481e-84ed-828b0d430d16,Plus500,Skrill,true,,,
eeed8590-7ccb-45a7-b6a2-d2e7743a36f0,983a19d7-431d-481e-84ed-828b0d430d16,Plus500,Apple Pay,true,,,
2a96ee09-8055-441f-821c-a52e46e9ba10,983a19d7-431d-481e-84ed-828b0d430d16,Plus500,Trustly,true,,,
12d93cf3-32d1-4c13-bc80-e63e8132cf0f,b1be20fa-4e46-45c2-99ef-4e3e09e4cec7,Remitano,Bank Transfer,,,,
24edafcb-91d9-4fc4-afdd-220777d361bd,b1be20fa-4e46-45c2-99ef-4e3e09e4cec7,Remitano,PalmPay,,,,
55539648-d3fa-40a1-9611-5d90e3fa8634,b1be20fa-4e46-45c2-99ef-4e3e09e4cec7,Remitano,Wise,,,112f4b6b-e6a8-40c0-bc2f-68170d2d3d12,Wise
bc0fe168-5dab-4a66-98a6-6a3238025019,b1be20fa-4e46-45c2-99ef-4e3e09e4cec7,Remitano,Revolut Pay,,,089d040e-b144-4f63-b784-30145874ae90,Revolut
f691e31e-2c83-4670-b3d2-9c925e23892c,b1be20fa-4e46-45c2-99ef-4e3e09e4cec7,Remitano,PayPal,,,,
e04f2f16-3c18-4375-9487-33e9162247e2,b1be20fa-4e46-45c2-99ef-4e3e09e4cec7,Remitano,Airtm,,,,
09f8d0fd-451e-42fa-a6c2-dc097120fd69,b1be20fa-4e46-45c2-99ef-4e3e09e4cec7,Remitano,Skrill,,,1d71cc07-3953-4336-bfda-45ceb7ec0ed9,Skrill
cecf96a9-c276-41bc-b168-9d01f1927ede,b1be20fa-4e46-45c2-99ef-4e3e09e4cec7,Remitano,Payoneer,,,,
c67c74f6-a98c-4e5d-9f69-0290f51e36c2,b1be20fa-4e46-45c2-99ef-4e3e09e4cec7,Remitano,Perfect Money,,,,
b36ffc75-60d2-46bd-a647-a1285e80a0ee,b1be20fa-4e46-45c2-99ef-4e3e09e4cec7,Remitano,Debit / Credit Card,,,,
ee4def10-b5c8-40d2-a726-c541b2d94038,b1be20fa-4e46-45c2-99ef-4e3e09e4cec7,Remitano,Gift Card,,,,
326ed37a-4784-4fc8-aaf2-6740f84a7414,089d040e-b144-4f63-b784-30145874ae90,Revolut,Bank Transfer,,GBR,,
5c31f45a-2cc8-4341-831e-63984d719b59,089d040e-b144-4f63-b784-30145874ae90,Revolut,SEPA Transfer,,GBR,,
fb6af155-521b-434f-9115-90c40584d642,b68a8121-ef61-4ded-b035-699a263e2964,Robinhood,SEPA & SEPA Instant,true,PRT,,
d002e2b7-ba3e-4ecb-8a41-543b1e74b921,b68a8121-ef61-4ded-b035-699a263e2964,Robinhood,Debit Card,,,,
ccea3d1e-b088-4964-a758-fe231484e4f0,b68a8121-ef61-4ded-b035-699a263e2964,Robinhood,Linked Bank Account,,,,
dc5384ec-85e2-430d-b792-7726e0db054e,cbe4dcfb-03e1-48c3-8eb7-67e948a6acf9,Saxo bank,Wire Transfer,true,,,
797728ef-a303-4a79-be30-1482ce02f036,cbe4dcfb-03e1-48c3-8eb7-67e948a6acf9,Saxo bank,Debit / Credit Card,true,,,
3faa1e9c-0ccd-4fcc-8f0f-4af8e2a0e80d,cbe4dcfb-03e1-48c3-8eb7-67e948a6acf9,Saxo bank,SEPA Instant,true,,,
35cbfc44-0478-4780-983b-d2e5305a10f2,cbe4dcfb-03e1-48c3-8eb7-67e948a6acf9,Saxo bank,Quick payment,true,,,
f2be9af8-0b5b-478a-80e2-d9cb943f0e31,2e68f51d-b12f-46ef-9bb1-e62c1d283d24,SpectroCoin,SEPA Transfer,false,,,
f27fe695-809b-44cb-b14c-5ee0ce273895,2e68f51d-b12f-46ef-9bb1-e62c1d283d24,SpectroCoin,Debit / Credit Card,true,,,
b55bf253-2491-4d97-ba29-205f97bb23e4,2e68f51d-b12f-46ef-9bb1-e62c1d283d24,SpectroCoin,SWIFT Transfer,false,,,
4c1147f0-914c-4c55-955d-d48ec5f0a6ba,2e68f51d-b12f-46ef-9bb1-e62c1d283d24,SpectroCoin,Bankera,false,,,
b4fea9d9-96e3-4e56-8da4-e9e3a18b9da6,2e68f51d-b12f-46ef-9bb1-e62c1d283d24,SpectroCoin,Pacific Private Bank,false,,,
53033166-f838-48cc-8294-de966aadd4b3,2e68f51d-b12f-46ef-9bb1-e62c1d283d24,SpectroCoin,Skrill,true,,1d71cc07-3953-4336-bfda-45ceb7ec0ed9,Skrill
260e78b4-dc21-4b2c-8748-c1a18ae010f5,2e68f51d-b12f-46ef-9bb1-e62c1d283d24,SpectroCoin,Neteller,true,,86641c75-6d49-406a-8de5-e45376ea604b,Neteller
1259c055-81c3-4557-8ce6-be033ed0b523,2e68f51d-b12f-46ef-9bb1-e62c1d283d24,SpectroCoin,Volet,true,,c48539e9-92ee-4794-96a5-21908c3e1e9f,Volet
59763c28-5f7c-4ce1-9c0c-29790a962e1c,b32be4a9-2f8b-478a-99f6-7290d3fd4479,Stripe,Wire Transfer,,USA,,
25fa58a9-9453-4652-93d1-a905fd768757,c257bf8f-6054-49fc-b75e-73299660b2b7,SwissBorg,Bank Transfer,,GBR,,
1190ce34-80f1-47e5-abdd-9c1b9b85a7fd,c257bf8f-6054-49fc-b75e-73299660b2b7,SwissBorg,SEPA Transfer,,EST,,
7fabe7f5-0fb5-43ed-baf3-fe7ab045476e,c75dbfc3-230d-41a8-8f7a-2eaebe9b510b,Swissquote,SEPA Transfer,true,,,
e6889405-56c2-468d-82f0-6f4c9df2f419,c75dbfc3-230d-41a8-8f7a-2eaebe9b510b,Swissquote,Debit / Credit Card,true,,,
77225d29-7f03-4ac6-ae63-cd1f2444cf66,c75dbfc3-230d-41a8-8f7a-2eaebe9b510b,Swissquote,Bank Transfer,true,,,
98edcadd-d4e4-43a5-b342-b1311a494019,0a0cf6fc-d3f7-4d56-88ff-aef23c24b5c6,Tothemoon,Bank Transfer,false,,,
ad93deaa-d2cb-4507-b30b-f9aebd44188d,57d505e9-b7a4-4014-a04d-55b1bc296deb,Transak,SEPA Transfer,true,,,
6ae5e279-25b7-4ea3-b8ec-2274ec669575,57d505e9-b7a4-4014-a04d-55b1bc296deb,Transak,Bank transfer,true,,,
6b9ae9ff-6005-436e-9097-af9e621b71df,57d505e9-b7a4-4014-a04d-55b1bc296deb,Transak,Open banking,true,GBR,,
d70adc28-0a08-4b90-9cfe-edec31ce4f04,57d505e9-b7a4-4014-a04d-55b1bc296deb,Transak,Debit / Credit Card,true,,,
e9a97735-2835-4f55-8b2f-8217243285fd,57d505e9-b7a4-4014-a04d-55b1bc296deb,Transak,Apple Pay,true,,,
78050602-d8a2-4d80-b6ea-80635b0d9d8d,57d505e9-b7a4-4014-a04d-55b1bc296deb,Transak,Google Pay,true,,,
536d0cd8-ac74-4d12-9081-ec343a7308bc,57d505e9-b7a4-4014-a04d-55b1bc296deb,Transak,Maya,true,,,
b2aa4768-e185-47ea-88ce-dfd319c9d408,57d505e9-b7a4-4014-a04d-55b1bc296deb,Transak,BPI,true,,,
b441fd34-4255-43a6-8e25-773a8eefc012,57d505e9-b7a4-4014-a04d-55b1bc296deb,Transak,GrabPay,true,,,
3f7f9ce6-5132-4018-973c-f4f04737ac70,57d505e9-b7a4-4014-a04d-55b1bc296deb,Transak,ShopeePay,true,,,
1b6e8583-413e-4eab-b848-bd507a31fcef,57d505e9-b7a4-4014-a04d-55b1bc296deb,Transak,Gcash,true,,,
72e38068-a1c0-4d4a-9933-722c23a7c621,57d505e9-b7a4-4014-a04d-55b1bc296deb,Transak,Astro Pay,true,,89545e05-1121-41e6-9662-3e20fc6a3314,Astro Pay
39fe532f-9671-4bf7-a7e4-eafabe45b019,57d505e9-b7a4-4014-a04d-55b1bc296deb,Transak,IMPS,true,IND,,
4457ca5f-389a-4228-90ed-b0b01052966e,57d505e9-b7a4-4014-a04d-55b1bc296deb,Transak,UPI,true,IND,,
9d755230-32e6-4fa0-988a-8826f60c82ac,57d505e9-b7a4-4014-a04d-55b1bc296deb,Transak,Wire Transfer,true,USA,,
f29f4229-ad1d-4702-b170-6c4e9384d935,a1a03cc3-0e6b-4888-9ee3-4cdf60f9c6a3,Upbit,Bank Transfer,,IDN,,
ff5b8ff4-1e84-42f1-90b0-5b1fffb2ae73,f0c651b9-1d2b-493a-8424-305c19b297bd,Uphold,SEPA Transfer,true,LTU,,
4e24d321-515a-49a9-bfdc-57ae4323037c,f0c651b9-1d2b-493a-8424-305c19b297bd,Uphold,Debit / Credit Card,true,LTU,,
0761e0d0-e4df-43c0-a5fe-a58df73e73c4,f0c651b9-1d2b-493a-8424-305c19b297bd,Uphold,Apple Pay,true,LTU,,
2bea33d6-26ba-4346-a1a9-1e7e1712a009,f0c651b9-1d2b-493a-8424-305c19b297bd,Uphold,Google Pay,true,LTU,,
8f6dd813-da11-4271-a29d-25ef04f5f691,430b052e-edf8-405f-87ef-85088201da20,VALR,Bank Transfer,false,,,
ca95cb8b-74a2-4f6d-b40a-9f3b78dc1348,430b052e-edf8-405f-87ef-85088201da20,VALR,SEPA Transfer,false,,,
2e2b375d-a0de-43f6-93fc-7df3d2ce9147,430b052e-edf8-405f-87ef-85088201da20,VALR,SWIFT Transfer,false,,,
e5a0f643-1fc5-483e-b732-442275551d52,430b052e-edf8-405f-87ef-85088201da20,VALR,Wire Transfer,false,,,
fb650293-a257-4b9f-b66e-383491873260,4e1e6420-ff29-40d5-9425-e00b3ee741f6,WhiteBIT,SEPA Transfer,true,,,
10585f7f-7e84-41c6-94ba-761bb61ca6ec,4e1e6420-ff29-40d5-9425-e00b3ee741f6,WhiteBIT,Debit / Credit Card,true,,,
970edd7f-1d92-4b0e-8e3e-22c7a9a70087,4e1e6420-ff29-40d5-9425-e00b3ee741f6,WhiteBIT,PayByZEN,true,,,
1cd946ce-f617-41cd-a93e-f5960452d276,4e1e6420-ff29-40d5-9425-e00b3ee741f6,WhiteBIT,Advcash,true,,,
55bb3901-fbbd-4865-bccb-2ba970e0d045,4e1e6420-ff29-40d5-9425-e00b3ee741f6,WhiteBIT,Apple Pay,true,,,
897dcec0-28cc-423b-85f8-2df8b5805692,d0a9ee67-8162-44c2-a787-bbee1cea78de,Wirex,SEPA Transfer,,GBR,,
828a6923-eddd-4045-b5f5-c493224f6fac,d0a9ee67-8162-44c2-a787-bbee1cea78de,Wirex,Easy Bank Transfer,,,,
86452ca1-35a9-4215-a439-4076c09f27e3,d0a9ee67-8162-44c2-a787-bbee1cea78de,Wirex,Easy Deposit,,,,
3c7782d0-8ff0-48b4-be0b-8094b9c8c903,d0a9ee67-8162-44c2-a787-bbee1cea78de,Wirex,Credit Card,true,,,
7d512903-f2dd-40d7-a646-d812f557916a,d0a9ee67-8162-44c2-a787-bbee1cea78de,Wirex,Debit Card,true,,,
67a5e1b5-b3c8-47b7-a171-f6906dba24d5,d0a9ee67-8162-44c2-a787-bbee1cea78de,Wirex,Apple Pay,true,,,
95145950-4acd-478b-8892-ae42e28d0c14,1d9304cd-7de3-4979-9f89-30ef63ea5826,Zondacrypto,SEPA Transfer,true,,,
7ecbe798-378b-4e8d-83fc-10d21c4789a5,1d9304cd-7de3-4979-9f89-30ef63ea5826,Zondacrypto,Debit / Credit Card,true,,,
bb33b0b6-bcd6-440d-a396-e50fa232beff,1d9304cd-7de3-4979-9f89-30ef63ea5826,Zondacrypto,Bank Transfer,true,,,
6f4bfe75-efcf-4369-ab14-2086c2ca31e7,c7f5625f-ca6a-4922-b764-6e931d813cc3,eToro,SEPA Transfer,true,DEU,,
a5f143f1-0b06-4d7a-9386-34d812432483,c7f5625f-ca6a-4922-b764-6e931d813cc3,eToro,Debit / Credit Card,true,,,
4cbb67f4-3c15-4cd3-9477-10c981fa3c17,c7f5625f-ca6a-4922-b764-6e931d813cc3,eToro,PayPal,true,,,
72a09a5f-c4f1-4e91-be46-3186b8538f2e,c7f5625f-ca6a-4922-b764-6e931d813cc3,eToro,Neteller,true,,86641c75-6d49-406a-8de5-e45376ea604b,Neteller
921cadbd-a736-4e90-afe3-0581b4e53eab,c7f5625f-ca6a-4922-b764-6e931d813cc3,eToro,Skrill,true,,1d71cc07-3953-4336-bfda-45ceb7ec0ed9,Skrill
708b9c46-9661-4736-adc8-8f57bea0bdf6,c7f5625f-ca6a-4922-b764-6e931d813cc3,eToro,iDeal,true,,,
fa11a151-693a-42d8-aba3-9c2b25c213da,c7f5625f-ca6a-4922-b764-6e931d813cc3,eToro,Bank transfer,false,DEU,,
a73c66e0-7688-4fa4-a717-105e300d61ab,c7f5625f-ca6a-4922-b764-6e931d813cc3,eToro,Trustly,true,,,
28c08843-12fa-489b-bee2-f24d5c6c33a6,c7f5625f-ca6a-4922-b764-6e931d813cc3,eToro,Przelewy24,true,,,
e5c1122c-ef66-41a6-9447-b2e537b213ec,c7f5625f-ca6a-4922-b764-6e931d813cc3,eToro,eToro Money,true,,,
