Regulation_ID,VASP_ID,VASP_Name,Regulator_ID,Regulator_Name,Regulator_Country,Regulation_Number,Start_Date,End_Date
58e56f68-acb2-4ab1-a164-64b58e19bbc4,ad9b4a8f-f758-43a9-8513-62f4411c6a3b,Ark Finance,9ec251cc-35d7-4198-9e38-5a6d39cb5dc4,Registry of Legal Entities of the Republic of Lithuania,LTU,306075639,01/01/2022,
466131fb-757c-49bc-b6e8-0a084d7ed139,4abb7ef9-49bb-4adf-8c05-7364333e3260,Binance,9d4895d3-7d75-44b2-8c4f-5b01e99fb413,Autorité des Marchés Financiers,FRA,E2022-037,07/01/2017,
a70103e6-b245-424b-9328-ddc92b7327c0,4abb7ef9-49bb-4adf-8c05-7364333e3260,Binance,ffffba06-1420-46f6-9d19-c84fbb977450,Organismo Agenti e Mediatori,ITA,PSV5,07/01/2017,
fde9cacc-a2ed-4f4f-9f43-6de2e9c2c651,4abb7ef9-49bb-4adf-8c05-7364333e3260,Binance,9ec251cc-35d7-4198-9e38-5a6d39cb5dc4,Registry of Legal Entities of the Republic of Lithuania,LTU,305595206,07/01/2017,
2ac78a6c-3750-4a7d-a54c-a7405e477357,4abb7ef9-49bb-4adf-8c05-7364333e3260,Binance,1af27f35-c657-4e77-b52f-88283357c464,Bank of Spain,ESP,D661,07/01/2017,
a4e8f049-a8bb-49e1-9ef0-15dda7b66159,4abb7ef9-49bb-4adf-8c05-7364333e3260,Binance,7bb0bb07-1915-4805-9090-bdb78a8f40b5,Polish Tax Administration Chamber of Poland in Katowice,POL,RDWW – 465,07/01/2017,
e7db4c4d-220c-441b-8430-8e524980700e,4abb7ef9-49bb-4adf-8c05-7364333e3260,Binance,f7f60657-53c4-4d55-962e-77fffd4426e3,Swedish Financial Supervisory Authority,SWE,66822,07/01/2017,
7b330281-0363-4d47-bcd0-4ccd1bb1ac4e,4abb7ef9-49bb-4adf-8c05-7364333e3260,Binance,eb7c9d88-acfb-4dda-9d52-7ccc507dd607,Astana Financial Services Authority,KAZ,,07/01/2017,
4eb5be24-a362-4b33-9a20-736f90557492,4abb7ef9-49bb-4adf-8c05-7364333e3260,Binance,f5e53fa9-5e8d-4339-95df-086782f8fd36,Abu Dhabi Global Market (ADGM),ARE,,07/01/2017,
26900459-61ad-489b-86e6-c3a933709da3,4abb7ef9-49bb-4adf-8c05-7364333e3260,Binance,e4aec571-293f-44d4-8690-8414758c2a0f,Central Bank of Bahrain,BHR,,07/01/2017,
9aa0b4f4-3bb3-4eb7-ac5d-f37b74fdd360,4abb7ef9-49bb-4adf-8c05-7364333e3260,Binance,1b677eb7-4093-4117-a12b-734f84984e7e,Dubai Virtual Asset Regulatory Authority,ARE,,07/01/2017,
bc4afb16-2c44-4b84-862c-34ff03bffa0f,4abb7ef9-49bb-4adf-8c05-7364333e3260,Binance,d958d59f-7fdd-4b1a-a915-dba732532b60,Australian Transaction Reports and Analysis Centre,AUS,100576141-001,07/01/2017,
86ac8523-1183-438f-b561-67fa4694f9ec,4abb7ef9-49bb-4adf-8c05-7364333e3260,Binance,010d3b67-c8d6-42c1-a4c3-f12eef1a5bd6,Financial Intelligence Unit - India,IND,,07/01/2017,
d3566540-7960-4f5c-a587-b50ad7a86d1d,4abb7ef9-49bb-4adf-8c05-7364333e3260,Binance,67e0f824-d8f0-41ac-b19f-ce171a16df33,Bappebti,IDN,001/BAPPEBTI/CP-AK/11/2019,07/01/2017,
157d0338-5324-444e-8c8a-8de68534ce98,4abb7ef9-49bb-4adf-8c05-7364333e3260,Binance,aff285ad-21b3-4c83-8c71-9a7d9e0f39b1,Japan Financial Services Agency,JPN,Kanto Local Finance Bureau 00031,07/01/2017,
f5a3b6a5-75ee-4cea-aad6-9bedef7b614b,4abb7ef9-49bb-4adf-8c05-7364333e3260,Binance,d9b2fcbb-b99b-49a5-8e36-4c17c9d432e2,New Zealand register of financial service providers,NZL,FSP1003864,07/01/2017,
7113baa1-312d-4826-893a-42aa7e4add61,4abb7ef9-49bb-4adf-8c05-7364333e3260,Binance,69b6bb69-4d1b-4f21-88d6-a7fff6b7d557,Thailand Ministry of Finance through the Securities and Exchange Commission,THA,,07/01/2017,
282b8f53-d739-4a7e-ba77-51e6b18e845c,4abb7ef9-49bb-4adf-8c05-7364333e3260,Binance,98c0a8b1-dd6f-41fe-b606-56ff3d000c94,Tax Administration Service,MEX,,07/01/2017,
d8644937-67fc-4957-a984-a8cbc7b08163,4abb7ef9-49bb-4adf-8c05-7364333e3260,Binance,08f26291-d5c9-4af1-8a6c-3621282478b9,Comisión Nacional De Activos Digitales,SLV,PSDA/001-2003,07/01/2017,
8c9c9b31-bd39-4bd9-be54-5c2afe5cf156,4abb7ef9-49bb-4adf-8c05-7364333e3260,Binance,5c8de85c-3f70-49c4-9933-f6eac0bf558b,Virtual Asset Service Provider Registry of the National Securities Commission,ARG,76,07/01/2017,
b09672e7-882f-4e5e-8cbe-07c06a5eea4c,4abb7ef9-49bb-4adf-8c05-7364333e3260,Binance,fafba2ff-14dd-4826-a95e-02198363f3af,Financial Sector Conduct Authority,ZAF,Authorised FSP 51619,07/01/2017,
1c565e6a-c844-4e3c-b3ad-3e0927efaee0,e2140447-6250-46e5-828a-2068bccc374d,Bitget,1c5a10c7-3371-40a3-8f7b-3255ea30ba74,Securities and Exchange Commission,USA,,01/01/2018,
e0b605ac-0d3f-4cbf-9584-3050de4c3db0,e2140447-6250-46e5-828a-2068bccc374d,Bitget,3840c69f-d191-4508-b83b-5bb9549ff6ec,"Financial Industry Regulatory Authority, Inc",USA,,01/01/2018,
2fc68b44-944b-4a97-883b-ded0a5dc34f0,fd6f4ad2-11d9-453d-a308-21bf1326e691,Bitstamp,ea9ac665-3637-4683-956d-5ad5df2762ae,Financial Transactions and Reports Analysis Centre of Canada,CAN,M22255897,08/01/2011,
6f6e03cb-7ac9-42f8-9909-84660a604f0d,fd6f4ad2-11d9-453d-a308-21bf1326e691,Bitstamp,ea9ac665-3637-4683-956d-5ad5df2762ae,Financial Transactions and Reports Analysis Centre of Canada,CAN,M20795493,08/01/2011,
2ab91fff-2c82-4ff1-9ed1-ca7ae6da09dc,fd6f4ad2-11d9-453d-a308-21bf1326e691,Bitstamp,ffffba06-1420-46f6-9d19-c84fbb977450,Organismo Agenti e Mediatori,ITA,12456490965,08/01/2011,
8c47f729-a1f1-4ece-bbc5-eced4e4a1a28,fd6f4ad2-11d9-453d-a308-21bf1326e691,Bitstamp,9d4895d3-7d75-44b2-8c4f-5b01e99fb413,Autorité des Marchés Financiers,FRA,E2023-064,08/01/2011,
ad430ed0-cbea-451c-83d7-d43278c73e71,fd6f4ad2-11d9-453d-a308-21bf1326e691,Bitstamp,06fb7436-a6cf-4aec-a1e5-0db15c2bb4a6,De Nederlandsche Bank,NLD,R131534,08/01/2011,
70680858-b736-4cdf-bb74-011f4e3601b0,fd6f4ad2-11d9-453d-a308-21bf1326e691,Bitstamp,3441d8d1-3473-44c1-8c49-3c675ed74d26,Financial Crimes Enforcement Network,USA,31000274938641,08/01/2011,
cb98f288-fcea-4720-a5bc-72be0435a3df,fd6f4ad2-11d9-453d-a308-21bf1326e691,Bitstamp,3441d8d1-3473-44c1-8c49-3c675ed74d26,Financial Crimes Enforcement Network,USA,31000287661003,08/01/2011,
347c4494-682f-4dce-8725-fcb66ae1e15c,fd6f4ad2-11d9-453d-a308-21bf1326e691,Bitstamp,3441d8d1-3473-44c1-8c49-3c675ed74d26,Financial Crimes Enforcement Network,USA,31000232553309,08/01/2011,
49ef727c-0eea-4238-8b4a-07a2928c3554,fd6f4ad2-11d9-453d-a308-21bf1326e691,Bitstamp,1c86cfdc-dd39-43eb-9b77-93d4680e1f4e,New York State Department of Financial Services,USA,,08/01/2011,
575a5c7b-402d-4f9f-b7b3-e4a13dde92c0,fd6f4ad2-11d9-453d-a308-21bf1326e691,Bitstamp,06fb7436-a6cf-4aec-a1e5-0db15c2bb4a6,De Nederlandsche Bank,NLD,D725,08/01/2011,
3d848a00-de82-4412-82ff-ff3cb745d702,fd6f4ad2-11d9-453d-a308-21bf1326e691,Bitstamp,1af27f35-c657-4e77-b52f-88283357c464,Bank of Spain,ESP,,08/01/2011,
51c4e8d4-d795-472b-ac51-61203264cbb9,fd6f4ad2-11d9-453d-a308-21bf1326e691,Bitstamp,d5f0a01d-8f0d-4db0-8d37-01c86106aca2,Financial Conduct Authority,GBR,978690,08/01/2011,
72d06b00-cc3e-44f9-9222-2d2861b75011,fd6f4ad2-11d9-453d-a308-21bf1326e691,Bitstamp,3fc33198-e71f-4f72-bf47-873371770efb,Division of Banking and Securities,USA,2103529,08/01/2011,
a957f502-ca4e-407a-86dd-3ad0cb3fd997,fd6f4ad2-11d9-453d-a308-21bf1326e691,Bitstamp,3fc33198-e71f-4f72-bf47-873371770efb,Division of Banking and Securities,USA,AKMT-012766,08/01/2011,
f62f78a8-8fd3-4d5e-b1db-ba8208f72197,fd6f4ad2-11d9-453d-a308-21bf1326e691,Bitstamp,07ef813c-035c-4386-8578-a8e7cdba42d7,Arizona Department of Financial Institutions,USA,MT‐1009341,08/01/2011,
9dea3ae5-c0f2-4048-9fbb-8ec70fe49e75,fd6f4ad2-11d9-453d-a308-21bf1326e691,Bitstamp,b78c0a87-7225-4de2-82a6-a7dc4eece5f9,Arkansas Securities Department,USA,118789,08/01/2011,
32547692-76ae-472a-b02a-6d0517c6d7b7,fd6f4ad2-11d9-453d-a308-21bf1326e691,Bitstamp,8c200e9e-7cf0-4824-b739-da9daf5028c9,Connecticut Department of Banking,USA,MT-1905429,08/01/2011,
ca5165ee-9230-4e35-8ad3-d6f4d2776aa7,fd6f4ad2-11d9-453d-a308-21bf1326e691,Bitstamp,ccff7c64-07b3-4231-8c2e-55b45cb628a6,Office of the State Bank Commissioner,USA,29924,08/01/2011,
0d356a43-8822-45c6-b89f-5d4e1af6ccc8,fd6f4ad2-11d9-453d-a308-21bf1326e691,Bitstamp,63749821-be37-4aee-8f17-197c871926a8,"District of Columbia Department of Financial Insurance, Securities, and Banking",USA,MTR1905429,08/01/2011,
b774571d-1951-49b2-8f85-d9624145832e,fd6f4ad2-11d9-453d-a308-21bf1326e691,Bitstamp,71c4573f-9420-4d47-a450-013295a4b8d4,Florida Office of Financial Regulation,USA,,08/01/2011,
f006c5f2-4907-4290-ace5-be4a48d02441,fd6f4ad2-11d9-453d-a308-21bf1326e691,Bitstamp,818c1d36-414b-4950-b5a8-3217dbe41e91,Georgia Department of Banking and Finance,USA,71992,08/01/2011,
c7b18b5f-0e23-4196-9333-cb410bc1767b,fd6f4ad2-11d9-453d-a308-21bf1326e691,Bitstamp,a38445dd-c2c7-4abc-938a-5d5e9cd3bce4,Illinois Department of Financial and Professional Regulation,USA,MT.0000382,08/01/2011,
d562a592-8881-479a-8d79-f38d0680754b,fd6f4ad2-11d9-453d-a308-21bf1326e691,Bitstamp,f46327d3-31fa-4330-8913-f6cbbcf8d7a9,Department of Financial Institutions,USA,48445,08/01/2011,
4bbd51f9-04ca-4c73-a9ca-ce1899dc4a65,fd6f4ad2-11d9-453d-a308-21bf1326e691,Bitstamp,a94931e8-679f-45bf-998e-0035ab4b2aca,State of Iowa Division of Banking,USA,2020-0072,08/01/2011,
bd20eba1-1944-4e7d-9b0b-97f7e81baed3,fd6f4ad2-11d9-453d-a308-21bf1326e691,Bitstamp,d53e536f-ed0c-49ea-8fb6-fd8250096f3b,Office of the State Bank Commissioner,USA,MT.0000174,08/01/2011,
979268d1-25f7-4705-b158-69119fa1252b,fd6f4ad2-11d9-453d-a308-21bf1326e691,Bitstamp,4c400250-f973-4447-8dc0-e15c0f8082cd,Dept. of Professional & Financial Regulation,USA,,08/01/2011,
d1735a65-47f1-4fdd-86a4-dafb248af848,fd6f4ad2-11d9-453d-a308-21bf1326e691,Bitstamp,0be7fce5-e05d-4616-9237-f13bd7a17984,"Maryland Department of Labor, Licensing & Regulation",USA,1905429,08/01/2011,
943ae046-4292-4871-a941-176930a2c69d,fd6f4ad2-11d9-453d-a308-21bf1326e691,Bitstamp,dfae71d2-23d6-4c04-9c34-03933f11899e,Michigan Department of Insurance and Financial Institutions,USA,MT0022874,08/01/2011,
52c86c47-3f83-40c4-8dca-df7c7f1da3df,fd6f4ad2-11d9-453d-a308-21bf1326e691,Bitstamp,afb91e3c-e292-435e-9e67-99fea6b3856d,Minnesota Department of Commerce and Financial Institutions,USA,MN-MT-1905429,08/01/2011,
998f3a25-9fbb-479c-be9f-2014f8cf783d,fd6f4ad2-11d9-453d-a308-21bf1326e691,Bitstamp,b5ff5573-3118-432f-92d2-30f0776f3753,Mississippi Department of Banking and Consumer Finance,USA,1905429,08/01/2011,
eb95878c-34ab-4c52-94ed-c97539e2c01b,fd6f4ad2-11d9-453d-a308-21bf1326e691,Bitstamp,e783503c-1e8d-4f51-8392-e9080eec96a8,Nebraska Department of Banking & Finance,USA,,08/01/2011,
db5a5097-6613-4069-886f-856fdfce7624,fd6f4ad2-11d9-453d-a308-21bf1326e691,Bitstamp,024382dc-0e2c-4d80-943b-821390803227,New Hampshire Banking Department,USA,1905429MT,08/01/2011,
4928284f-ed84-42dc-85cb-4a75f828bffe,fd6f4ad2-11d9-453d-a308-21bf1326e691,Bitstamp,8ebcf20d-41df-42e2-8ec4-f53a382e8079,New Mexico Regulation & Licensing Department Financial Institutions Division,USA,,08/01/2011,
8d7000d2-9883-42b9-936f-f52c3aac2e2c,fd6f4ad2-11d9-453d-a308-21bf1326e691,Bitstamp,709b1910-3e30-49b2-8e58-e300c17f1601,North Carolina Commissioner of Banks,USA,187209,08/01/2011,
f5077cb6-0569-442d-978a-d735efeb8ac5,fd6f4ad2-11d9-453d-a308-21bf1326e691,Bitstamp,740f203e-30c3-4fc6-aa15-fa89c114fc48,North Dakota Department of Financial Institutions. Consumer Division,USA,MT103635,08/01/2011,
f1d3126b-b50d-4b60-b5f3-c7a6a96365f8,fd6f4ad2-11d9-453d-a308-21bf1326e691,Bitstamp,a24ff13d-a10d-41b7-ac5b-0ccb2c00efe4,Ohio Division of Financial Institutions,USA,OHMT190,08/01/2011,
2d8263d4-821f-4bad-b722-f4e50a26c624,fd6f4ad2-11d9-453d-a308-21bf1326e691,Bitstamp,3e3fe6a0-9112-4564-a4cc-167b0d79143b,Oklahoma State Banking Department,USA,,08/01/2011,
28ded82e-d0ec-484b-bb21-22f4e869b29b,fd6f4ad2-11d9-453d-a308-21bf1326e691,Bitstamp,c5069282-cafc-418c-81ef-eb4b3fc6fb34,Oregon Division of Financial Regulation,USA,1905429,08/01/2011,
9038a449-f315-472a-b113-2360c91912c4,fd6f4ad2-11d9-453d-a308-21bf1326e691,Bitstamp,f12330b2-ef4b-46f8-acfc-6f4281999ee8,Puerto Rico Office of the Commissioner of Financial Institutions Regulation and Licensing Division,USA,TM-133,08/01/2011,
1a58ebcd-5e2d-4062-9743-e92b7b5ba151,fd6f4ad2-11d9-453d-a308-21bf1326e691,Bitstamp,712bd304-d084-437f-9a9e-dcac7cf02ca7,State of Rhode Island Department of Business Regulation Division of Banking,USA,20214159CT,08/01/2011,
9fc8a029-1f97-429e-8e3a-ea82b6bde81b,fd6f4ad2-11d9-453d-a308-21bf1326e691,Bitstamp,ef74576c-bf37-4bf9-b737-0f5b2c96d1ac,Office of the Attorney General,USA,,08/01/2011,
ed540b57-0dff-4c78-a6af-c563dc2e48f7,fd6f4ad2-11d9-453d-a308-21bf1326e691,Bitstamp,04d7a670-52d6-4d14-8347-dffe4943479a,South Dakota Department of Labor and Regulation Division of Banking,USA,1905429.MT,08/01/2011,
c402901d-16fb-4cc3-886d-dcb44ccc3256,fd6f4ad2-11d9-453d-a308-21bf1326e691,Bitstamp,5af99b87-4e9a-47a7-8608-499e43e1ffe4,Tennessee Department of Financial Institutions,USA,1905429,08/01/2011,
e7459998-2ecf-405d-82a7-18b415e5d2f1,fd6f4ad2-11d9-453d-a308-21bf1326e691,Bitstamp,df01eed0-20c9-4ea9-9845-f2697044b79e,Texas Department of Banking,USA,3208,08/01/2011,
f33ff144-3e43-49b3-89a8-f238609eb918,fd6f4ad2-11d9-453d-a308-21bf1326e691,Bitstamp,87088685-9636-45ab-a3da-6394d14403de,Department of Financial Regulation,USA,100-195,08/01/2011,
74b9e9b7-ee84-4f85-bdb7-659fdd18091a,fd6f4ad2-11d9-453d-a308-21bf1326e691,Bitstamp,1d2e1cd4-703f-432c-9f5b-077776e383e4,Virginia State Corporation Commission Bureau of Financial Institutions,USA,MO-392,08/01/2011,
b9e99051-680c-4cb2-979f-4f209e084c97,fd6f4ad2-11d9-453d-a308-21bf1326e691,Bitstamp,c3a53ef0-3acc-4c29-8b60-7e7ad172d48c,Washington State Department of Financial Institutions,USA,550-MT-121320,08/01/2011,
3891a5be-593e-4909-8bbf-9da6f197b00f,fd6f4ad2-11d9-453d-a308-21bf1326e691,Bitstamp,be26e395-1335-41c9-b183-34750752fa65,West Virginia Division of Financial Institutions,USA,WVMT-1905429,08/01/2011,
d777913e-be02-4d01-bb37-f98e41ac9af8,fd6f4ad2-11d9-453d-a308-21bf1326e691,Bitstamp,01a80e9b-d439-43a7-834b-33a7186d573d,Alabama Securities Commission,USA,816,08/01/2011,
1d9d4a05-80cc-4a41-b566-fcb4dcfd3df4,fd6f4ad2-11d9-453d-a308-21bf1326e691,Bitstamp,b3d78659-ddf6-4cc0-b986-632a0891dced,Idaho Department of Finance,USA,MTL-311,08/01/2011,
dc9b3f0b-c196-4a40-91ff-ce7b9ad38b1f,fd6f4ad2-11d9-453d-a308-21bf1326e691,Bitstamp,74524eb6-cc6f-4600-93e8-395f0e784963,Louisiana Office of Financial Institutions,USA,,08/01/2011,
49c5f915-dc9e-4b20-8a04-c99ba372d9c9,fd6f4ad2-11d9-453d-a308-21bf1326e691,Bitstamp,6e6a2b9c-a01b-489f-9daf-0b73eabf15a3,New Jersey Department of Banking and Insurance,USA,,08/01/2011,
9aae34d6-5f27-4368-a605-a9aed687a427,fd6f4ad2-11d9-453d-a308-21bf1326e691,Bitstamp,736108f9-11fc-4799-8659-b3ee70e52917,Kentucky Department of Financial Institutions,USA,SC828155,08/01/2011,
d652ad6c-3d0c-4bfa-967b-48f119cc129d,1d6e284c-1d54-43b9-b1c9-d52df1cf2bbd,Bybit,1b677eb7-4093-4117-a12b-734f84984e7e,Dubai Virtual Asset Regulatory Authority,ARE,VL/24/08/001,03/01/2018,
3391cc4b-4e4c-41f3-8f52-9939b339f379,39cf9de0-6de7-4d58-a85a-7eeccc96f77b,Cex.io,3fc33198-e71f-4f72-bf47-873371770efb,Division of Banking and Securities,USA,1109697,01/01/2013,
eeaa0847-f70a-4cb0-acd6-84b35ddfcfdb,39cf9de0-6de7-4d58-a85a-7eeccc96f77b,Cex.io,3441d8d1-3473-44c1-8c49-3c675ed74d26,Financial Crimes Enforcement Network,USA,31000247904061,01/01/2013,
032d4fb4-ec68-46b3-8d9a-580bce902e18,39cf9de0-6de7-4d58-a85a-7eeccc96f77b,Cex.io,01a80e9b-d439-43a7-834b-33a7186d573d,Alabama Securities Commission,USA,792,01/01/2013,
1164d440-697e-4515-80e9-6134bb25a3e4,39cf9de0-6de7-4d58-a85a-7eeccc96f77b,Cex.io,b78c0a87-7225-4de2-82a6-a7dc4eece5f9,Arkansas Securities Department,USA,131469,01/01/2013,
c23b3fda-48c2-4794-86b4-6fd6b25179d7,39cf9de0-6de7-4d58-a85a-7eeccc96f77b,Cex.io,8c200e9e-7cf0-4824-b739-da9daf5028c9,Connecticut Department of Banking,USA,MT-1804170,01/01/2013,
e8d4b9f6-34e0-4b6a-817e-54edbd4f6618,39cf9de0-6de7-4d58-a85a-7eeccc96f77b,Cex.io,ccff7c64-07b3-4231-8c2e-55b45cb628a6,Office of the State Bank Commissioner,USA,27793,01/01/2013,
13bf9692-3928-47e6-91e6-4fcc6cbaeb60,39cf9de0-6de7-4d58-a85a-7eeccc96f77b,Cex.io,63749821-be37-4aee-8f17-197c871926a8,"District of Columbia Department of Financial Insurance, Securities, and Banking",USA,MTR1804170,01/01/2013,
242d2ecc-4056-4303-b142-aa119e0451e2,39cf9de0-6de7-4d58-a85a-7eeccc96f77b,Cex.io,71c4573f-9420-4d47-a450-013295a4b8d4,Florida Office of Financial Regulation,USA,FT230000264,01/01/2013,
d5eb5b7f-23ac-4d81-b70f-9697fba83226,39cf9de0-6de7-4d58-a85a-7eeccc96f77b,Cex.io,818c1d36-414b-4950-b5a8-3217dbe41e91,Georgia Department of Banking and Finance,USA,65882,01/01/2013,
ec8e6856-2187-4158-8a87-aba203b67b21,39cf9de0-6de7-4d58-a85a-7eeccc96f77b,Cex.io,b3d78659-ddf6-4cc0-b986-632a0891dced,Idaho Department of Finance,USA,MTL 249,01/01/2013,
1a891184-eb25-495b-a718-973593c6d03b,39cf9de0-6de7-4d58-a85a-7eeccc96f77b,Cex.io,a38445dd-c2c7-4abc-938a-5d5e9cd3bce4,Illinois Department of Financial and Professional Regulation,USA,MT.0000359,01/01/2013,
253b72aa-91f3-4b4c-ab4d-7d7f1e446874,39cf9de0-6de7-4d58-a85a-7eeccc96f77b,Cex.io,a94931e8-679f-45bf-998e-0035ab4b2aca,State of Iowa Division of Banking,USA,2019-0032,01/01/2013,
de9d10ce-acf0-4bdf-87c0-649220cb9330,39cf9de0-6de7-4d58-a85a-7eeccc96f77b,Cex.io,d53e536f-ed0c-49ea-8fb6-fd8250096f3b,Office of the State Bank Commissioner,USA,MT.0000153,01/01/2013,
d025decc-d1bf-4fc7-9a2e-450349635161,39cf9de0-6de7-4d58-a85a-7eeccc96f77b,Cex.io,74524eb6-cc6f-4600-93e8-395f0e784963,Louisiana Office of Financial Institutions,USA,,01/01/2013,
94dde762-6ab4-48dc-8a34-feacd6ff0ec9,39cf9de0-6de7-4d58-a85a-7eeccc96f77b,Cex.io,4c400250-f973-4447-8dc0-e15c0f8082cd,Dept. of Professional & Financial Regulation,USA,,01/01/2013,
050f0f88-4160-411e-a503-8b9c30e554a4,39cf9de0-6de7-4d58-a85a-7eeccc96f77b,Cex.io,0be7fce5-e05d-4616-9237-f13bd7a17984,"Maryland Department of Labor, Licensing & Regulation",USA,12-1804170,01/01/2013,
776b64d1-f0d2-4d09-9bb2-8a09222c8724,39cf9de0-6de7-4d58-a85a-7eeccc96f77b,Cex.io,afb91e3c-e292-435e-9e67-99fea6b3856d,Minnesota Department of Commerce and Financial Institutions,USA,MN-MT-1804170,01/01/2013,
9887a955-ac39-4d44-957c-5e0384d975ef,39cf9de0-6de7-4d58-a85a-7eeccc96f77b,Cex.io,e783503c-1e8d-4f51-8392-e9080eec96a8,Nebraska Department of Banking & Finance,USA,,01/01/2013,
a71803c9-17c5-49b2-95ab-ce17a1f947d0,39cf9de0-6de7-4d58-a85a-7eeccc96f77b,Cex.io,5eb0f4c4-4bac-463b-97c2-573a86784d54,Nevada Financial Institutions Division,USA,MT11107,01/01/2013,
6f341b05-8897-42ae-8f3c-a64c71076078,39cf9de0-6de7-4d58-a85a-7eeccc96f77b,Cex.io,024382dc-0e2c-4d80-943b-821390803227,New Hampshire Banking Department,USA,22937-MT,01/01/2013,
461a1ea8-ea29-48fa-b98e-cbcb0618fb53,39cf9de0-6de7-4d58-a85a-7eeccc96f77b,Cex.io,6e6a2b9c-a01b-489f-9daf-0b73eabf15a3,New Jersey Department of Banking and Insurance,USA,1903929C22,01/01/2013,
b016499b-1b58-4a03-b153-364d898692ab,39cf9de0-6de7-4d58-a85a-7eeccc96f77b,Cex.io,8ebcf20d-41df-42e2-8ec4-f53a382e8079,New Mexico Regulation & Licensing Department Financial Institutions Division,USA,,01/01/2013,
7d0837b6-b983-4504-a528-0c3cec59e108,39cf9de0-6de7-4d58-a85a-7eeccc96f77b,Cex.io,709b1910-3e30-49b2-8e58-e300c17f1601,North Carolina Commissioner of Banks,USA,184054,01/01/2013,
3c7c0092-e562-4050-9d83-8e7a238055f2,39cf9de0-6de7-4d58-a85a-7eeccc96f77b,Cex.io,740f203e-30c3-4fc6-aa15-fa89c114fc48,North Dakota Department of Financial Institutions. Consumer Division,USA,MT104354,01/01/2013,
835817de-74ef-4742-88db-5c4615b85615,39cf9de0-6de7-4d58-a85a-7eeccc96f77b,Cex.io,a24ff13d-a10d-41b7-ac5b-0ccb2c00efe4,Ohio Division of Financial Institutions,USA,OHMT176,01/01/2013,
2d7da374-4295-4b99-8eb7-9bce339c93f1,39cf9de0-6de7-4d58-a85a-7eeccc96f77b,Cex.io,3e3fe6a0-9112-4564-a4cc-167b0d79143b,Oklahoma State Banking Department,USA,OKDOB001,01/01/2013,
126941a7-ef36-476c-899a-99f75f80a2a1,39cf9de0-6de7-4d58-a85a-7eeccc96f77b,Cex.io,c5069282-cafc-418c-81ef-eb4b3fc6fb34,Oregon Division of Financial Regulation,USA,30237,01/01/2013,
3f6ebfd9-a829-48cf-9fcb-4dcf8a1b93ac,39cf9de0-6de7-4d58-a85a-7eeccc96f77b,Cex.io,712bd304-d084-437f-9a9e-dcac7cf02ca7,State of Rhode Island Department of Business Regulation Division of Banking,USA,20203907CT,01/01/2013,
33f82c67-c0b0-4929-862c-a0a9ad6125f5,39cf9de0-6de7-4d58-a85a-7eeccc96f77b,Cex.io,ef74576c-bf37-4bf9-b737-0f5b2c96d1ac,Office of the Attorney General,USA,,01/01/2013,
1f4bd5d5-4e17-452e-acb5-fba133d2b6c6,39cf9de0-6de7-4d58-a85a-7eeccc96f77b,Cex.io,04d7a670-52d6-4d14-8347-dffe4943479a,South Dakota Department of Labor and Regulation Division of Banking,USA,1804170.MT,01/01/2013,
f7347e6d-b88a-436e-9ac4-a9fd7c58a932,39cf9de0-6de7-4d58-a85a-7eeccc96f77b,Cex.io,5af99b87-4e9a-47a7-8608-499e43e1ffe4,Tennessee Department of Financial Institutions,USA,1804170,01/01/2013,
5bdd0184-a61e-47d4-af11-e0a3ef2b9560,39cf9de0-6de7-4d58-a85a-7eeccc96f77b,Cex.io,df01eed0-20c9-4ea9-9845-f2697044b79e,Texas Department of Banking,USA,3223,01/01/2013,
76371c2a-fbe2-410e-8452-93a1c1a71eb2,39cf9de0-6de7-4d58-a85a-7eeccc96f77b,Cex.io,87088685-9636-45ab-a3da-6394d14403de,Department of Financial Regulation,USA,100-139,01/01/2013,
1fb0f590-271f-40b2-a272-d7bfd679e94e,39cf9de0-6de7-4d58-a85a-7eeccc96f77b,Cex.io,1d2e1cd4-703f-432c-9f5b-077776e383e4,Virginia State Corporation Commission Bureau of Financial Institutions,USA,MO-416,01/01/2013,
4686e86f-a4ac-4300-9494-ae58d5384e12,39cf9de0-6de7-4d58-a85a-7eeccc96f77b,Cex.io,c3a53ef0-3acc-4c29-8b60-7e7ad172d48c,Washington State Department of Financial Institutions,USA,550-MT-1804170,01/01/2013,
434600a4-90ea-4873-a57c-d9febc6d8a47,39cf9de0-6de7-4d58-a85a-7eeccc96f77b,Cex.io,be26e395-1335-41c9-b183-34750752fa65,West Virginia Division of Financial Institutions,USA,WVMT-1804170,01/01/2013,
644efaea-6e91-43c0-9c2c-461cd79f4a6d,39cf9de0-6de7-4d58-a85a-7eeccc96f77b,Cex.io,9ec251cc-35d7-4198-9e38-5a6d39cb5dc4,Registry of Legal Entities of the Republic of Lithuania,LTU,306186479,01/01/2013,
fadf2f5d-6b8a-43be-94c2-e7c79b3e5f55,7d4f6e6c-fce8-4e3c-b0dd-9a860a1035b5,Coinbase,c14d0153-dee9-4190-9b60-a0d513f469a5,Bundesanstalt für Finanzdienstleistungsaufsicht,DEU,10156856,06/01/2012,
3200df48-fcff-4668-8e2d-2c3e9e66acf6,7d4f6e6c-fce8-4e3c-b0dd-9a860a1035b5,Coinbase,c14d0153-dee9-4190-9b60-a0d513f469a5,Bundesanstalt für Finanzdienstleistungsaufsicht,DEU,10158674,06/01/2012,
48dbb4b9-5c0a-4488-a533-993bee7f68f8,7d4f6e6c-fce8-4e3c-b0dd-9a860a1035b5,Coinbase,06fb7436-a6cf-4aec-a1e5-0db15c2bb4a6,De Nederlandsche Bank,NLD,R190530,06/01/2012,
c19fed7e-17ab-4589-ac07-b880f6c24ddc,7d4f6e6c-fce8-4e3c-b0dd-9a860a1035b5,Coinbase,06fb7436-a6cf-4aec-a1e5-0db15c2bb4a6,De Nederlandsche Bank,NLD,R190529,06/01/2012,
9152e368-46c5-4865-9f62-efa73b3a0962,7d4f6e6c-fce8-4e3c-b0dd-9a860a1035b5,Coinbase,012f53d0-1c0d-4b07-89fd-8f18adc346cb,Central Bank of Ireland,IRL,C455715,06/01/2012,
b4023801-fc03-453b-b0ea-89e3f8245998,7d4f6e6c-fce8-4e3c-b0dd-9a860a1035b5,Coinbase,012f53d0-1c0d-4b07-89fd-8f18adc346cb,Central Bank of Ireland,IRL,C188493,06/01/2012,
c4f7b04c-ac59-42d1-9e83-00d5e5828e6b,7d4f6e6c-fce8-4e3c-b0dd-9a860a1035b5,Coinbase,d5f0a01d-8f0d-4db0-8d37-01c86106aca2,Financial Conduct Authority,GBR,09708629,06/01/2012,
db784fc4-5131-47cb-b611-c3c11f13b4fe,7d4f6e6c-fce8-4e3c-b0dd-9a860a1035b5,Coinbase,ffffba06-1420-46f6-9d19-c84fbb977450,Organismo Agenti e Mediatori,ITA,PSV34,06/01/2012,
bc27d461-b12b-4e04-8a0f-37ce5f2e1c2a,7d4f6e6c-fce8-4e3c-b0dd-9a860a1035b5,Coinbase,ffffba06-1420-46f6-9d19-c84fbb977450,Organismo Agenti e Mediatori,ITA,PSV33,06/01/2012,
9194d053-5331-4916-83e5-25ced4739377,7d4f6e6c-fce8-4e3c-b0dd-9a860a1035b5,Coinbase,d5f0a01d-8f0d-4db0-8d37-01c86106aca2,Financial Conduct Authority,GBR,306075639,06/01/2012,
de99afcc-f83e-4db5-82e5-7720018e2b46,a002405f-8946-4133-b598-bc543510ad8a,Crypto.com,d5f0a01d-8f0d-4db0-8d37-01c86106aca2,Financial Conduct Authority,GBR,941745,01/01/2016,
1ed41e80-9ed8-483e-b69f-6a537c546e38,a002405f-8946-4133-b598-bc543510ad8a,Crypto.com,d5f0a01d-8f0d-4db0-8d37-01c86106aca2,Financial Conduct Authority,GBR,988571,01/01/2016,
065916a6-4798-4f8e-94a8-b3d121b437c2,a002405f-8946-4133-b598-bc543510ad8a,Crypto.com,d5f0a01d-8f0d-4db0-8d37-01c86106aca2,Financial Conduct Authority,GBR,903031,01/01/2016,
ab2d4b80-a74f-40f8-b572-1b9d82b67c50,a002405f-8946-4133-b598-bc543510ad8a,Crypto.com,9d4895d3-7d75-44b2-8c4f-5b01e99fb413,Autorité des Marchés Financiers,FRA,E2022-054,01/01/2016,
72f81b87-e3d3-4ef7-a1fb-f9c48402ddea,a002405f-8946-4133-b598-bc543510ad8a,Crypto.com,012f53d0-1c0d-4b07-89fd-8f18adc346cb,Central Bank of Ireland,IRL,C458074,01/01/2016,
8f24f617-49ed-48fb-8b89-dcba0cde5ae4,a002405f-8946-4133-b598-bc543510ad8a,Crypto.com,ffffba06-1420-46f6-9d19-c84fbb977450,Organismo Agenti e Mediatori,ITA,PSV41,01/01/2016,
bc10b36e-b163-4c17-8d1f-e99c21b6e4ff,a002405f-8946-4133-b598-bc543510ad8a,Crypto.com,f0035b9e-dd6c-42ab-90be-9946ca1a066a,Hellenic Capital Market Commission,GRC,C 88392,01/01/2016,
f1a15fc1-451a-4937-b190-79e46c297554,a002405f-8946-4133-b598-bc543510ad8a,Crypto.com,78ad2d0d-2626-4cff-a292-06e2866282f4,Malta Financial Services Authority,MLT,C 88392,01/01/2016,
465f758a-f616-47cf-9a06-455bebac8969,a002405f-8946-4133-b598-bc543510ad8a,Crypto.com,78ad2d0d-2626-4cff-a292-06e2866282f4,Malta Financial Services Authority,MLT,C 90348,01/01/2016,
6c6d1d3e-96d5-4cc5-ab43-0b194db16b72,a002405f-8946-4133-b598-bc543510ad8a,Crypto.com,78ad2d0d-2626-4cff-a292-06e2866282f4,Malta Financial Services Authority,MLT,C 90348,01/01/2016,
09b8eda6-9927-4a3f-be3c-58ef5fab62df,a002405f-8946-4133-b598-bc543510ad8a,Crypto.com,06fb7436-a6cf-4aec-a1e5-0db15c2bb4a6,De Nederlandsche Bank,NLD,R191650,01/01/2016,
a74598fa-77e2-4686-91a8-6d58ce5942b4,a002405f-8946-4133-b598-bc543510ad8a,Crypto.com,1af27f35-c657-4e77-b52f-88283357c464,Bank of Spain,ESP,D840,01/01/2016,
ae4223ad-7d44-419c-a1aa-d13fab46357e,3de4c409-0fa1-4b43-a0b9-b9930f7ab446,Gate.io,21966102-2481-449e-aa5a-ff85f655384a,Registry for Trust and Company Service Providers,HKG,TC008572,01/01/2017,
c8b3692c-c57d-48c3-b86c-6d9bd1d1faa1,3de4c409-0fa1-4b43-a0b9-b9930f7ab446,Gate.io,37d851fe-de62-4d4b-a93a-514ea70dfa9a,Gibraltar Financial Services Commission,GIB,,01/01/2017,
93ee75fc-9c29-4c26-83d5-dfd196b540fb,3de4c409-0fa1-4b43-a0b9-b9930f7ab446,Gate.io,78ad2d0d-2626-4cff-a292-06e2866282f4,Malta Financial Services Authority,MLT,C 89337,01/01/2017,
c7a018c3-c45a-4353-8788-822cd0396853,3de4c409-0fa1-4b43-a0b9-b9930f7ab446,Gate.io,ffffba06-1420-46f6-9d19-c84fbb977450,Organismo Agenti e Mediatori,ITA,PSV150,01/01/2017,
c45d83a4-b0f3-466d-ba1a-025b59d01fed,3de4c409-0fa1-4b43-a0b9-b9930f7ab446,Gate.io,d958d59f-7fdd-4b1a-a915-dba732532b60,Australian Transaction Reports and Analysis Centre,AUS,,01/01/2017,
5bf0ac45-264b-4ae2-a238-d699a905d2e1,3de4c409-0fa1-4b43-a0b9-b9930f7ab446,Gate.io,9ec251cc-35d7-4198-9e38-5a6d39cb5dc4,Registry of Legal Entities of the Republic of Lithuania,LTU,306068986,01/01/2017,
fb11f857-c12a-4044-9b77-aa6136501ba3,b359a823-691c-47c2-88d4-e071119d30ec,Gemini,f0035b9e-dd6c-42ab-90be-9946ca1a066a,Hellenic Capital Market Commission,GRC,,10/25/2014,
1b706997-a5c7-4f1b-9d08-0ffe3482148f,b359a823-691c-47c2-88d4-e071119d30ec,Gemini,f0035b9e-dd6c-42ab-90be-9946ca1a066a,Hellenic Capital Market Commission,GRC,,10/25/2014,
a46c5abe-3d90-49a4-8f30-92b738346789,b359a823-691c-47c2-88d4-e071119d30ec,Gemini,012f53d0-1c0d-4b07-89fd-8f18adc346cb,Central Bank of Ireland,IRL,C432664,10/25/2014,
d18359c2-0072-4519-92f7-9bfd6a4d38cf,b359a823-691c-47c2-88d4-e071119d30ec,Gemini,012f53d0-1c0d-4b07-89fd-8f18adc346cb,Central Bank of Ireland,IRL,C453651,10/25/2014,
900e46cc-3232-4a25-bde7-de1996c15d0d,b359a823-691c-47c2-88d4-e071119d30ec,Gemini,ffffba06-1420-46f6-9d19-c84fbb977450,Organismo Agenti e Mediatori,ITA,PSV79,10/25/2014,
8318319e-2d53-4142-ba22-7dff836ea007,b359a823-691c-47c2-88d4-e071119d30ec,Gemini,d5f0a01d-8f0d-4db0-8d37-01c86106aca2,Financial Conduct Authority,GBR,11497305,10/25/2014,
0e2a49db-9b67-419f-9d5a-5c00b85e8312,b359a823-691c-47c2-88d4-e071119d30ec,Gemini,d5f0a01d-8f0d-4db0-8d37-01c86106aca2,Financial Conduct Authority,GBR,12471710,10/25/2014,
1bf7d4e3-c835-4f74-a1a9-639708a92325,b359a823-691c-47c2-88d4-e071119d30ec,Gemini,9d4895d3-7d75-44b2-8c4f-5b01e99fb413,Autorité des Marchés Financiers,FRA,E2023-105,10/25/2014,
f58964a2-060b-4dc2-a680-055bf84458a0,b359a823-691c-47c2-88d4-e071119d30ec,Gemini,01a80e9b-d439-43a7-834b-33a7186d573d,Alabama Securities Commission,USA,578,10/25/2014,
ed0b0cfa-0063-4505-a7cd-9581c61028f6,b359a823-691c-47c2-88d4-e071119d30ec,Gemini,3fc33198-e71f-4f72-bf47-873371770efb,Division of Banking and Securities,USA,AKMT-10121,10/25/2014,
641182ba-8c07-4b61-9972-d886d6cd4819,b359a823-691c-47c2-88d4-e071119d30ec,Gemini,07ef813c-035c-4386-8578-a8e7cdba42d7,Arizona Department of Financial Institutions,USA,949523,10/25/2014,
35ec7a51-949e-48dc-8ffa-0381c905cf26,b359a823-691c-47c2-88d4-e071119d30ec,Gemini,b78c0a87-7225-4de2-82a6-a7dc4eece5f9,Arkansas Securities Department,USA,113513,10/25/2014,
f1424a76-7108-479f-bd30-7f3208f1e349,b359a823-691c-47c2-88d4-e071119d30ec,Gemini,3cb09e23-8029-4d20-be71-2ce02665c087,Department of Regulatory Agencies,USA,500243,10/25/2014,
0b3277f1-74ec-4d04-b9f2-e83211dccbf2,b359a823-691c-47c2-88d4-e071119d30ec,Gemini,8c200e9e-7cf0-4824-b739-da9daf5028c9,Connecticut Department of Banking,USA,MT-1518126,10/25/2014,
5483feb4-376e-4d8a-91cc-336715be9faf,b359a823-691c-47c2-88d4-e071119d30ec,Gemini,ccff7c64-07b3-4231-8c2e-55b45cb628a6,Office of the State Bank Commissioner,USA,24051,10/25/2014,
7f634bad-4354-425c-a66f-bf45880d734d,b359a823-691c-47c2-88d4-e071119d30ec,Gemini,63749821-be37-4aee-8f17-197c871926a8,"District of Columbia Department of Financial Insurance, Securities, and Banking",USA,MTR1518126,10/25/2014,
644ced1f-44a8-4994-a44f-7115428f2b14,b359a823-691c-47c2-88d4-e071119d30ec,Gemini,818c1d36-414b-4950-b5a8-3217dbe41e91,Georgia Department of Banking and Finance,USA,52628,10/25/2014,
0c01fb4c-946a-42a7-8def-5cb89cfa2141,b359a823-691c-47c2-88d4-e071119d30ec,Gemini,f39629d4-5e2b-42cd-964e-f56131b659e9,Department of Commerce and Consumer Affairs,USA,,10/25/2014,
2d841aa9-ccdc-4f47-901b-46395b090f9a,b359a823-691c-47c2-88d4-e071119d30ec,Gemini,b3d78659-ddf6-4cc0-b986-632a0891dced,Idaho Department of Finance,USA,MTL 218.00,10/25/2014,
ae010237-e8b0-41b7-87ba-106f1f37ecc8,b359a823-691c-47c2-88d4-e071119d30ec,Gemini,a38445dd-c2c7-4abc-938a-5d5e9cd3bce4,Illinois Department of Financial and Professional Regulation,USA,MT.0000333,10/25/2014,
a6c6b4bf-3155-4276-bd58-2d043ea2602f,b359a823-691c-47c2-88d4-e071119d30ec,Gemini,a94931e8-679f-45bf-998e-0035ab4b2aca,State of Iowa Division of Banking,USA,2016-0085,10/25/2014,
6b28245f-a20d-43d1-b87d-d26f7118f327,b359a823-691c-47c2-88d4-e071119d30ec,Gemini,d53e536f-ed0c-49ea-8fb6-fd8250096f3b,Office of the State Bank Commissioner,USA,MT.0000316,10/25/2014,
cad4a861-787a-4c84-a6ef-6e5abd9fe916,b359a823-691c-47c2-88d4-e071119d30ec,Gemini,736108f9-11fc-4799-8659-b3ee70e52917,Kentucky Department of Financial Institutions,USA,SC396759,10/25/2014,
6ca0a476-398e-4a66-8ec8-7486dbc63a52,b359a823-691c-47c2-88d4-e071119d30ec,Gemini,4c400250-f973-4447-8dc0-e15c0f8082cd,Dept. of Professional & Financial Regulation,USA,,10/25/2014,
040a248a-b010-442f-ae25-02d692a76776,b359a823-691c-47c2-88d4-e071119d30ec,Gemini,0be7fce5-e05d-4616-9237-f13bd7a17984,"Maryland Department of Labor, Licensing & Regulation",USA,12-1518126,10/25/2014,
749b4349-9925-43d8-8816-89e8107094d9,b359a823-691c-47c2-88d4-e071119d30ec,Gemini,dfae71d2-23d6-4c04-9c34-03933f11899e,Michigan Department of Insurance and Financial Institutions,USA,MT0021390,10/25/2014,
70dd843f-1ee2-44b8-bb48-7f64d068cd9e,b359a823-691c-47c2-88d4-e071119d30ec,Gemini,afb91e3c-e292-435e-9e67-99fea6b3856d,Minnesota Department of Commerce and Financial Institutions,USA,MN-MT-1518126,10/25/2014,
0c13dea8-434b-42a7-9ee2-852f65f047f0,b359a823-691c-47c2-88d4-e071119d30ec,Gemini,b5ff5573-3118-432f-92d2-30f0776f3753,Mississippi Department of Banking and Consumer Finance,USA,1518126,10/25/2014,
67d8ce2f-b31d-4041-9486-7f4bf71c68c4,b359a823-691c-47c2-88d4-e071119d30ec,Gemini,e783503c-1e8d-4f51-8392-e9080eec96a8,Nebraska Department of Banking & Finance,USA,1518126,10/25/2014,
e52e71dd-aba0-4b27-bece-2dd1d1126098,b359a823-691c-47c2-88d4-e071119d30ec,Gemini,8ebcf20d-41df-42e2-8ec4-f53a382e8079,New Mexico Regulation & Licensing Department Financial Institutions Division,USA,,10/25/2014,
10b0407f-00d5-4ffb-b3ab-47e847a86a48,b359a823-691c-47c2-88d4-e071119d30ec,Gemini,1c86cfdc-dd39-43eb-9b77-93d4680e1f4e,New York State Department of Financial Services,USA,,10/25/2014,
9c1e8655-5824-44d8-8f3c-99f4fa94ca50,b359a823-691c-47c2-88d4-e071119d30ec,Gemini,5eb0f4c4-4bac-463b-97c2-573a86784d54,Nevada Financial Institutions Division,USA,FITC00001,10/25/2014,
c9cef5f5-71a4-4309-9ed2-d60ac2db705a,b359a823-691c-47c2-88d4-e071119d30ec,Gemini,709b1910-3e30-49b2-8e58-e300c17f1601,North Carolina Commissioner of Banks,USA,175448,10/25/2014,
192a4caf-4aaa-460e-afc4-98f6982c5efc,b359a823-691c-47c2-88d4-e071119d30ec,Gemini,740f203e-30c3-4fc6-aa15-fa89c114fc48,North Dakota Department of Financial Institutions. Consumer Division,USA,MT103075,10/25/2014,
7c3826f2-e971-4f27-ba22-d3c543e41f9f,b359a823-691c-47c2-88d4-e071119d30ec,Gemini,a24ff13d-a10d-41b7-ac5b-0ccb2c00efe4,Ohio Division of Financial Institutions,USA,OHMT139,10/25/2014,
af0a747b-1676-450a-b2a5-d9a921add38f,b359a823-691c-47c2-88d4-e071119d30ec,Gemini,3e3fe6a0-9112-4564-a4cc-167b0d79143b,Oklahoma State Banking Department,USA,,10/25/2014,
685c1bd1-c4ba-48f4-a7ea-bf080f65cd7a,b359a823-691c-47c2-88d4-e071119d30ec,Gemini,c5069282-cafc-418c-81ef-eb4b3fc6fb34,Oregon Division of Financial Regulation,USA,MTX-30188,10/25/2014,
53f8e556-7954-47e7-b421-fccf60f76e5a,b359a823-691c-47c2-88d4-e071119d30ec,Gemini,f12330b2-ef4b-46f8-acfc-6f4281999ee8,Puerto Rico Office of the Commissioner of Financial Institutions Regulation and Licensing Division,USA,TM-071,10/25/2014,
347778df-3599-4a8a-8842-db4ca8a9e991,b359a823-691c-47c2-88d4-e071119d30ec,Gemini,712bd304-d084-437f-9a9e-dcac7cf02ca7,State of Rhode Island Department of Business Regulation Division of Banking,USA,20203926CT,10/25/2014,
ee80d10d-e8d3-43ed-a54b-ee96df12075b,b359a823-691c-47c2-88d4-e071119d30ec,Gemini,ef74576c-bf37-4bf9-b737-0f5b2c96d1ac,Office of the Attorney General,USA,,10/25/2014,
9e5a701f-7ad2-4911-b6c5-2f2b18ab7251,b359a823-691c-47c2-88d4-e071119d30ec,Gemini,04d7a670-52d6-4d14-8347-dffe4943479a,South Dakota Department of Labor and Regulation Division of Banking,USA,1518126.MT,10/25/2014,
36e97fcb-4444-47c2-8717-e912ae185004,b359a823-691c-47c2-88d4-e071119d30ec,Gemini,5af99b87-4e9a-47a7-8608-499e43e1ffe4,Tennessee Department of Financial Institutions,USA,1518126,10/25/2014,
c7ce710c-d91c-452e-af43-f5eeb7218b12,b359a823-691c-47c2-88d4-e071119d30ec,Gemini,df01eed0-20c9-4ea9-9845-f2697044b79e,Texas Department of Banking,USA,3136,10/25/2014,
6a99689e-4885-46bc-9c66-0b6dab545484,b359a823-691c-47c2-88d4-e071119d30ec,Gemini,87088685-9636-45ab-a3da-6394d14403de,Department of Financial Regulation,USA,100-119,10/25/2014,
14ba32a4-a0e8-4036-ab63-e2ae3c81cedf,b359a823-691c-47c2-88d4-e071119d30ec,Gemini,c3a53ef0-3acc-4c29-8b60-7e7ad172d48c,Washington State Department of Financial Institutions,USA,550-MT-113429,10/25/2014,
0fa274ae-2751-40c1-bc07-68d7111c0ef0,b359a823-691c-47c2-88d4-e071119d30ec,Gemini,be26e395-1335-41c9-b183-34750752fa65,West Virginia Division of Financial Institutions,USA,MT-1518126,10/25/2014,
01206d27-3ae2-465e-9d40-725a8aa09268,a2112108-2978-4522-85a6-0a8c50344013,HTX,9ec251cc-35d7-4198-9e38-5a6d39cb5dc4,Registry of Legal Entities of the Republic of Lithuania,LTU,305983625,01/01/2013,
b3fc812a-32de-470c-b662-62f9bc19384d,a2112108-2978-4522-85a6-0a8c50344013,HTX,bf46cf6f-6db3-44f6-87b8-b0cf8ee7cba8,Bloomberg Finance L.P.,USA,9845000563K85BB9FD33,01/01/2013,
dd9dd4cc-3b1f-44d6-922e-bf27c59852f0,d57617ed-fd54-461f-8b61-57cbe82fcb9d,Kraken,9d4895d3-7d75-44b2-8c4f-5b01e99fb413,Autorité des Marchés Financiers,FRA,E2022-058,07/28/2011,
74bb3fdd-05a7-405b-ae02-334d70a50f0b,d57617ed-fd54-461f-8b61-57cbe82fcb9d,Kraken,012f53d0-1c0d-4b07-89fd-8f18adc346cb,Central Bank of Ireland,IRL,C453020,07/28/2011,
d34aaa1d-a9dd-4a90-b7c7-922fe7d95d58,d57617ed-fd54-461f-8b61-57cbe82fcb9d,Kraken,012f53d0-1c0d-4b07-89fd-8f18adc346cb,Central Bank of Ireland,IRL,C468360,07/28/2011,
c5dfc7af-1a85-4d7c-8687-42d5a3adc77c,d57617ed-fd54-461f-8b61-57cbe82fcb9d,Kraken,ffffba06-1420-46f6-9d19-c84fbb977450,Organismo Agenti e Mediatori,ITA,PSV35,07/28/2011,
824a4060-73c3-446a-b7b7-f351d888b2f3,d57617ed-fd54-461f-8b61-57cbe82fcb9d,Kraken,7bb0bb07-1915-4805-9090-bdb78a8f40b5,Polish Tax Administration Chamber of Poland in Katowice,POL,RDWW-206,07/28/2011,
aa7bb781-5c81-4d36-95e6-346c05260ec6,d57617ed-fd54-461f-8b61-57cbe82fcb9d,Kraken,06fb7436-a6cf-4aec-a1e5-0db15c2bb4a6,De Nederlandsche Bank,NLD,R194010,07/28/2011,
4a609f60-cb3c-450b-bf00-6df8c0bb1512,d57617ed-fd54-461f-8b61-57cbe82fcb9d,Kraken,1af27f35-c657-4e77-b52f-88283357c464,Bank of Spain,ESP,D892,07/28/2011,
1bcc55db-e3b9-4fe9-8edc-fe41628fc6fe,d57617ed-fd54-461f-8b61-57cbe82fcb9d,Kraken,d5f0a01d-8f0d-4db0-8d37-01c86106aca2,Financial Conduct Authority,GBR,928768,07/28/2011,
4d317a0c-d286-4310-b94d-45c59b1d6307,d57617ed-fd54-461f-8b61-57cbe82fcb9d,Kraken,d5f0a01d-8f0d-4db0-8d37-01c86106aca2,Financial Conduct Authority,GBR,757895,07/28/2011,
fc376d44-d373-4d0f-baa3-b691bfcaf783,d57617ed-fd54-461f-8b61-57cbe82fcb9d,Kraken,ea9ac665-3637-4683-956d-5ad5df2762ae,Financial Transactions and Reports Analysis Centre of Canada,CAN,M19343731,07/28/2011,
9413bd31-ce87-48fd-b7d3-b9d46264415a,d57617ed-fd54-461f-8b61-57cbe82fcb9d,Kraken,d958d59f-7fdd-4b1a-a915-dba732532b60,Australian Transaction Reports and Analysis Centre,AUS,163 237 634,07/28/2011,
aed7c102-1e76-4407-934b-793602428543,d57617ed-fd54-461f-8b61-57cbe82fcb9d,Kraken,d958d59f-7fdd-4b1a-a915-dba732532b60,Australian Transaction Reports and Analysis Centre,AUS,162 139 871,07/28/2011,
4d4d5eef-3859-4274-8133-d6ce4fabba4b,d57617ed-fd54-461f-8b61-57cbe82fcb9d,Kraken,0994bd69-d436-4e30-a756-0e40e545ea1f,Accounting And Corporate Regulatory Authority,SGP,201917834G,07/28/2011,
476c4f77-a390-4281-9421-7ad9702b3582,d57617ed-fd54-461f-8b61-57cbe82fcb9d,Kraken,bf46cf6f-6db3-44f6-87b8-b0cf8ee7cba8,Bloomberg Finance L.P.,USA,202403268,07/28/2011,
258596fb-8c2e-4b35-b8d2-7c1af85d9247,d57617ed-fd54-461f-8b61-57cbe82fcb9d,Kraken,8d0d1469-4250-4dfa-ab0b-a7850490026c,District Court of Frankfurt,DEU,HRB 130132,07/28/2011,
2658cf9c-e5be-4336-9b11-3715dc07bc7f,d57617ed-fd54-461f-8b61-57cbe82fcb9d,Kraken,8d0d1469-4250-4dfa-ab0b-a7850490026c,District Court of Frankfurt,DEU,HRB 117206,07/28/2011,
600fb82e-c20a-4488-9381-c93880d08453,d57617ed-fd54-461f-8b61-57cbe82fcb9d,Kraken,3441d8d1-3473-44c1-8c49-3c675ed74d26,Financial Crimes Enforcement Network,USA,31000270997766,07/28/2011,
413b9785-d6a7-4b36-b2f5-13c698be7293,95814c16-b395-4610-b494-7dabb16f88f7,Kucoin,d958d59f-7fdd-4b1a-a915-dba732532b60,Australian Transaction Reports and Analysis Centre,AUS,,01/01/2017,
6a2c11bd-f3dd-4fa1-bb36-9776a52cc890,95814c16-b395-4610-b494-7dabb16f88f7,Kucoin,16e8cab6-6609-410b-b1b9-86653f14a23f,Czech National Bank,CZE,,01/01/2017,
7906d29e-4378-411d-a1f5-b77267057830,95814c16-b395-4610-b494-7dabb16f88f7,Kucoin,010d3b67-c8d6-42c1-a4c3-f12eef1a5bd6,Financial Intelligence Unit - India,IND,,01/01/2017,
3a364162-0122-475e-b4af-3c924d41ab0b,95814c16-b395-4610-b494-7dabb16f88f7,Kucoin,08f26291-d5c9-4af1-8a6c-3621282478b9,Comisión Nacional De Activos Digitales,SLV,,01/01/2017,
09da7c43-2797-4759-8e44-ca9e6a757cd3,95814c16-b395-4610-b494-7dabb16f88f7,Kucoin,7bb0bb07-1915-4805-9090-bdb78a8f40b5,Polish Tax Administration Chamber of Poland in Katowice,POL,,01/01/2017,
46911eb3-4179-402b-8679-5f6b26f5b180,58e680e2-88ec-4453-b20b-c166a36e12c5,LibertyX,c3a53ef0-3acc-4c29-8b60-7e7ad172d48c,Washington State Department of Financial Institutions,USA,1863571,01/01/2014,
57aeaef0-97c1-481d-a5c0-9e9bf732f341,58e680e2-88ec-4453-b20b-c166a36e12c5,LibertyX,1c86cfdc-dd39-43eb-9b77-93d4680e1f4e,New York State Department of Financial Services,USA,,01/01/2014,
457fc425-c4ce-4df6-8463-49db132b3115,58e680e2-88ec-4453-b20b-c166a36e12c5,LibertyX,01a80e9b-d439-43a7-834b-33a7186d573d,Alabama Securities Commission,USA,858,01/01/2014,
cd4a2d2e-cb85-4bb4-a3c2-45f53cf667ed,58e680e2-88ec-4453-b20b-c166a36e12c5,LibertyX,b78c0a87-7225-4de2-82a6-a7dc4eece5f9,Arkansas Securities Department,USA,133270,01/01/2014,
a390daaf-e9fb-4011-addc-f616174a9f80,58e680e2-88ec-4453-b20b-c166a36e12c5,LibertyX,8c200e9e-7cf0-4824-b739-da9daf5028c9,Connecticut Department of Banking,USA,MT-1238308,01/01/2014,
949c6630-2da8-4103-829c-34f349bcf32e,58e680e2-88ec-4453-b20b-c166a36e12c5,LibertyX,71c4573f-9420-4d47-a450-013295a4b8d4,Florida Office of Financial Regulation,USA,FT230000372,01/01/2014,
ad68b078-59ef-4569-a7e3-9d4e24c14339,58e680e2-88ec-4453-b20b-c166a36e12c5,LibertyX,818c1d36-414b-4950-b5a8-3217dbe41e91,Georgia Department of Banking and Finance,USA,46574,01/01/2014,
58a6a16b-aa19-4b9f-a331-0b50cc6afacc,58e680e2-88ec-4453-b20b-c166a36e12c5,LibertyX,74524eb6-cc6f-4600-93e8-395f0e784963,Louisiana Office of Financial Institutions,USA,,01/01/2014,
8d56f90e-0d49-43da-9135-0f0cec46bded,58e680e2-88ec-4453-b20b-c166a36e12c5,LibertyX,0be7fce5-e05d-4616-9237-f13bd7a17984,"Maryland Department of Labor, Licensing & Regulation",USA,1238308,01/01/2014,
1e32e5c5-baf4-4716-b0d4-36d599bb1c9f,58e680e2-88ec-4453-b20b-c166a36e12c5,LibertyX,b5ff5573-3118-432f-92d2-30f0776f3753,Mississippi Department of Banking and Consumer Finance,USA,MT/1238308/2022,01/01/2014,
df0c794c-667e-47c1-aaf8-64bec1e7cd51,58e680e2-88ec-4453-b20b-c166a36e12c5,LibertyX,5eb0f4c4-4bac-463b-97c2-573a86784d54,Nevada Financial Institutions Division,USA,MT11224,01/01/2014,
a949c760-e372-4c7e-97f5-e04cb8be8150,58e680e2-88ec-4453-b20b-c166a36e12c5,LibertyX,024382dc-0e2c-4d80-943b-821390803227,New Hampshire Banking Department,USA,27093-MT,01/01/2014,
ceee45de-4185-44e2-8461-29603d98e3a2,58e680e2-88ec-4453-b20b-c166a36e12c5,LibertyX,8ebcf20d-41df-42e2-8ec4-f53a382e8079,New Mexico Regulation & Licensing Department Financial Institutions Division,USA,,01/01/2014,
167106b6-c8fa-4ee8-a23a-dc8f704283a8,58e680e2-88ec-4453-b20b-c166a36e12c5,LibertyX,1c86cfdc-dd39-43eb-9b77-93d4680e1f4e,New York State Department of Financial Services,USA,122519,01/01/2014,
0513fd15-f8b4-496e-974f-46b12e40edbe,58e680e2-88ec-4453-b20b-c166a36e12c5,LibertyX,a24ff13d-a10d-41b7-ac5b-0ccb2c00efe4,Ohio Division of Financial Institutions,USA,OHMT 258,01/01/2014,
57f9cadc-9e0c-4dc3-bbf9-f6f6b7794c9a,58e680e2-88ec-4453-b20b-c166a36e12c5,LibertyX,991cc30c-8d95-4cd1-8a36-e4a9c51b9396,Pennsylvania Department of Banking and Securities,USA,110524,01/01/2014,
5626823e-b331-4838-b6cd-85727917c59b,58e680e2-88ec-4453-b20b-c166a36e12c5,LibertyX,87088685-9636-45ab-a3da-6394d14403de,Department of Financial Regulation,USA,MT-1238308,01/01/2014,
314a3f91-14d9-45c4-bfeb-cb82cab8468a,58e680e2-88ec-4453-b20b-c166a36e12c5,LibertyX,c3a53ef0-3acc-4c29-8b60-7e7ad172d48c,Washington State Department of Financial Institutions,USA,550-MT-92891,01/01/2014,
ef52a9b1-802a-48a1-b154-30e04b7896b3,ff47f5f0-49ea-49f7-8bfc-d28d8533bab5,Mercuryo,d5f0a01d-8f0d-4db0-8d37-01c86106aca2,Financial Conduct Authority,GBR,10978538,09/23/2017,
352b5afd-69f9-43ce-968f-81e5381f7aa2,ff47f5f0-49ea-49f7-8bfc-d28d8533bab5,Mercuryo,d5f0a01d-8f0d-4db0-8d37-01c86106aca2,Financial Conduct Authority,GBR,12166965,09/23/2017,
2f6f4c66-dd71-40db-aaa8-9deb7357906a,ff47f5f0-49ea-49f7-8bfc-d28d8533bab5,Mercuryo,acb0460c-cb7a-4652-bb41-606696ece993,Croatian Financial Services Supervisory Services,HRV,53104623333,09/23/2017,
d1f480e5-6457-4370-9323-21a8d7cc2668,ff47f5f0-49ea-49f7-8bfc-d28d8533bab5,Mercuryo,ea9ac665-3637-4683-956d-5ad5df2762ae,Financial Transactions and Reports Analysis Centre of Canada,CAN,M21565803,09/23/2017,
c9b0c241-cd57-4b84-97dc-c31faff9d48a,ff47f5f0-49ea-49f7-8bfc-d28d8533bab5,Mercuryo,ffffba06-1420-46f6-9d19-c84fbb977450,Organismo Agenti e Mediatori,ITA,PSV185,09/23/2017,
ea50bd5a-3cd2-400a-99c5-e59e351278dc,ff47f5f0-49ea-49f7-8bfc-d28d8533bab5,Mercuryo,1af27f35-c657-4e77-b52f-88283357c464,Bank of Spain,ESP,E194,09/23/2017,
bbf7b5af-7566-4883-bbb6-8f0b78b7365d,61913fa7-17ef-4a90-95b0-3c625e12a37b,MoonPay,d5f0a01d-8f0d-4db0-8d37-01c86106aca2,Financial Conduct Authority,GBR,FRN 944746,01/01/2019,
890de756-4398-46d4-8266-ac64623fa9da,61913fa7-17ef-4a90-95b0-3c625e12a37b,MoonPay,012f53d0-1c0d-4b07-89fd-8f18adc346cb,Central Bank of Ireland,IRL,C460974,01/01/2019,
6203a2a0-1882-4fef-b94b-8b44990940e6,61913fa7-17ef-4a90-95b0-3c625e12a37b,MoonPay,ffffba06-1420-46f6-9d19-c84fbb977450,Organismo Agenti e Mediatori,ITA,PSV18,01/01/2019,
6a33cd57-9286-453a-a160-0534d2dfed09,61913fa7-17ef-4a90-95b0-3c625e12a37b,MoonPay,3441d8d1-3473-44c1-8c49-3c675ed74d26,Financial Crimes Enforcement Network,USA,31000263068011,01/01/2019,
c467a130-0cd1-4268-8560-c003f4697ad6,61913fa7-17ef-4a90-95b0-3c625e12a37b,MoonPay,ea9ac665-3637-4683-956d-5ad5df2762ae,Financial Transactions and Reports Analysis Centre of Canada,CAN,M24701825,01/01/2019,
a0d8ebe5-0104-495d-8d61-c95443a72c73,0b71a7ac-f0cc-470e-8c9f-abda86de25d7,OKX,bf46cf6f-6db3-44f6-87b8-b0cf8ee7cba8,Bloomberg Finance L.P.,USA,202706,01/05/2013,
dc2069d2-3154-4f34-ba84-5a7a74a9ce2e,0b71a7ac-f0cc-470e-8c9f-abda86de25d7,OKX,bf46cf6f-6db3-44f6-87b8-b0cf8ee7cba8,Bloomberg Finance L.P.,USA,208049B,01/05/2013,
858abdb9-a366-4323-ad4d-6a794cd73b4a,0b71a7ac-f0cc-470e-8c9f-abda86de25d7,OKX,21966102-2481-449e-aa5a-ff85f655384a,Registry for Trust and Company Service Providers,HKG,TC008884,01/05/2013,
007305bb-fe91-4001-ac10-fe41a44af989,0b71a7ac-f0cc-470e-8c9f-abda86de25d7,OKX,1b677eb7-4093-4117-a12b-734f84984e7e,Dubai Virtual Asset Regulatory Authority,ARE,VL/23/12/003,01/05/2013,
2ec83f6a-6ea1-461c-b150-d8c3fc3e99d9,0b71a7ac-f0cc-470e-8c9f-abda86de25d7,OKX,41ef4687-3571-4d20-8338-ee2532872e9f,Banco Central do Brasil - BCB,BRA,50.459.025/0001-26,01/05/2013,
dd2dfd31-b559-41fa-afbd-dbca0aecef57,0b71a7ac-f0cc-470e-8c9f-abda86de25d7,OKX,9d4895d3-7d75-44b2-8c4f-5b01e99fb413,Autorité des Marchés Financiers,FRA,E2023-106,01/05/2013,
2bcbf913-bd7b-48ae-b496-1911f5e78a3b,0b71a7ac-f0cc-470e-8c9f-abda86de25d7,OKX,78ad2d0d-2626-4cff-a292-06e2866282f4,Malta Financial Services Authority,MLT,C 88193,01/05/2013,
90ba3fdd-9403-4601-a27c-3a96f7dc72d5,0b71a7ac-f0cc-470e-8c9f-abda86de25d7,OKX,0994bd69-d436-4e30-a756-0e40e545ea1f,Accounting And Corporate Regulatory Authority,SGP,201406331H,01/05/2013,
6cfb05ea-3855-4435-a8cb-c839b69128ae,0b71a7ac-f0cc-470e-8c9f-abda86de25d7,OKX,d958d59f-7fdd-4b1a-a915-dba732532b60,Australian Transaction Reports and Analysis Centre,AUS,,01/05/2013,
ba5ffd8e-1ff9-4d67-90f4-ecc46b9fa59f,0b71a7ac-f0cc-470e-8c9f-abda86de25d7,OKX,06fb7436-a6cf-4aec-a1e5-0db15c2bb4a6,De Nederlandsche Bank,NLD,R179507,01/05/2013,
9b953cf1-6173-4a49-ac14-b8d58b93b8f4,0b71a7ac-f0cc-470e-8c9f-abda86de25d7,OKX,3441d8d1-3473-44c1-8c49-3c675ed74d26,Financial Crimes Enforcement Network,USA,31000260986911,01/05/2013,
19a51565-8637-4576-8944-a9a98a6bd673,0b71a7ac-f0cc-470e-8c9f-abda86de25d7,OKX,01a80e9b-d439-43a7-834b-33a7186d573d,Alabama Securities Commission,USA,619,01/05/2013,
ee89e7de-3618-424c-bada-c68a19be8af5,0b71a7ac-f0cc-470e-8c9f-abda86de25d7,OKX,3fc33198-e71f-4f72-bf47-873371770efb,Division of Banking and Securities,USA,012537,01/05/2013,
85d9d73b-aa58-4e5c-9a2c-58d8de557d0f,0b71a7ac-f0cc-470e-8c9f-abda86de25d7,OKX,07ef813c-035c-4386-8578-a8e7cdba42d7,Arizona Department of Financial Institutions,USA,1005050,01/05/2013,
3bbc5db5-ecfc-4a30-870e-2e183a6c39fc,0b71a7ac-f0cc-470e-8c9f-abda86de25d7,OKX,b78c0a87-7225-4de2-82a6-a7dc4eece5f9,Arkansas Securities Department,USA,116440,01/05/2013,
53df0d6a-3d07-4333-a3bc-1e3132a44cd6,0b71a7ac-f0cc-470e-8c9f-abda86de25d7,OKX,8c200e9e-7cf0-4824-b739-da9daf5028c9,Connecticut Department of Banking,USA,MT-1767779,01/05/2013,
b943bd26-8e99-4b04-880b-3796bb7f0bd7,0b71a7ac-f0cc-470e-8c9f-abda86de25d7,OKX,ccff7c64-07b3-4231-8c2e-55b45cb628a6,Office of the State Bank Commissioner,USA,030441,01/05/2013,
a5b196dd-134a-4373-abb8-cb20911a3d00,0b71a7ac-f0cc-470e-8c9f-abda86de25d7,OKX,63749821-be37-4aee-8f17-197c871926a8,"District of Columbia Department of Financial Insurance, Securities, and Banking",USA,MTR1767779,01/05/2013,
790ea609-357c-427a-bed0-f0b84c482683,0b71a7ac-f0cc-470e-8c9f-abda86de25d7,OKX,71c4573f-9420-4d47-a450-013295a4b8d4,Florida Office of Financial Regulation,USA,FT230000302,01/05/2013,
a9df39c5-0179-47e8-9577-0c17451adbcd,0b71a7ac-f0cc-470e-8c9f-abda86de25d7,OKX,818c1d36-414b-4950-b5a8-3217dbe41e91,Georgia Department of Banking and Finance,USA,64756,01/05/2013,
c00d3c13-2bd8-4ff2-a6c8-37adecec8bd6,0b71a7ac-f0cc-470e-8c9f-abda86de25d7,OKX,b3d78659-ddf6-4cc0-b986-632a0891dced,Idaho Department of Finance,USA,MTL-251,01/05/2013,
eb4ad5ba-681a-47d9-b54c-7ca88a05efed,0b71a7ac-f0cc-470e-8c9f-abda86de25d7,OKX,a38445dd-c2c7-4abc-938a-5d5e9cd3bce4,Illinois Department of Financial and Professional Regulation,USA,MT.0000366,01/05/2013,
ce5b7b4c-471b-4272-ae7f-28e45e17d4a0,0b71a7ac-f0cc-470e-8c9f-abda86de25d7,OKX,f46327d3-31fa-4330-8913-f6cbbcf8d7a9,Department of Financial Institutions,USA,57395,01/05/2013,
3960ce4c-da13-41b7-add4-53eb08a3b6eb,0b71a7ac-f0cc-470e-8c9f-abda86de25d7,OKX,a94931e8-679f-45bf-998e-0035ab4b2aca,State of Iowa Division of Banking,USA,2019-0023,01/05/2013,
f32dc520-8ffe-4f12-b818-7507f975d91e,0b71a7ac-f0cc-470e-8c9f-abda86de25d7,OKX,d53e536f-ed0c-49ea-8fb6-fd8250096f3b,Office of the State Bank Commissioner,USA,MT.0000168,01/05/2013,
c512a2eb-9433-4d70-acb1-7dc43608997e,0b71a7ac-f0cc-470e-8c9f-abda86de25d7,OKX,74524eb6-cc6f-4600-93e8-395f0e784963,Louisiana Office of Financial Institutions,USA,,01/05/2013,
df9877c6-4e5e-423d-bb8d-e494a82136bc,0b71a7ac-f0cc-470e-8c9f-abda86de25d7,OKX,4c400250-f973-4447-8dc0-e15c0f8082cd,Dept. of Professional & Financial Regulation,USA,,01/05/2013,
a1d239c0-4094-4ff5-9701-fa486c94c8a8,0b71a7ac-f0cc-470e-8c9f-abda86de25d7,OKX,0be7fce5-e05d-4616-9237-f13bd7a17984,"Maryland Department of Labor, Licensing & Regulation",USA,1767779,01/05/2013,
0707cbe0-be25-47c8-a5f2-ca72df1d12d1,0b71a7ac-f0cc-470e-8c9f-abda86de25d7,OKX,dfae71d2-23d6-4c04-9c34-03933f11899e,Michigan Department of Insurance and Financial Institutions,USA,MT0022704,01/05/2013,
122ef99b-3a83-4658-9349-deae23eb3953,0b71a7ac-f0cc-470e-8c9f-abda86de25d7,OKX,afb91e3c-e292-435e-9e67-99fea6b3856d,Minnesota Department of Commerce and Financial Institutions,USA,MN-MT-1767779,01/05/2013,
1000bcca-bf25-4c5a-9494-873429b83a1e,0b71a7ac-f0cc-470e-8c9f-abda86de25d7,OKX,e783503c-1e8d-4f51-8392-e9080eec96a8,Nebraska Department of Banking & Finance,USA,,01/05/2013,
8168cdbf-b355-43e4-a555-10407a23247f,0b71a7ac-f0cc-470e-8c9f-abda86de25d7,OKX,5eb0f4c4-4bac-463b-97c2-573a86784d54,Nevada Financial Institutions Division,USA,MT11219,01/05/2013,
fbc259b6-c560-4809-95a4-cf8401987613,0b71a7ac-f0cc-470e-8c9f-abda86de25d7,OKX,024382dc-0e2c-4d80-943b-821390803227,New Hampshire Banking Department,USA,23134-MT,01/05/2013,
5abfaa52-627f-418d-bf7e-b6a95a908cc9,0b71a7ac-f0cc-470e-8c9f-abda86de25d7,OKX,6e6a2b9c-a01b-489f-9daf-0b73eabf15a3,New Jersey Department of Banking and Insurance,USA,L071981,01/05/2013,
9e92506b-0465-47f8-b1f5-d2325dc74a2b,0b71a7ac-f0cc-470e-8c9f-abda86de25d7,OKX,8ebcf20d-41df-42e2-8ec4-f53a382e8079,New Mexico Regulation & Licensing Department Financial Institutions Division,USA,,01/05/2013,
5db611ae-292e-42a0-a2b1-ed4d069d13b6,0b71a7ac-f0cc-470e-8c9f-abda86de25d7,OKX,1c86cfdc-dd39-43eb-9b77-93d4680e1f4e,New York State Department of Financial Services,USA,,01/05/2013,
66ff9e91-9815-4144-82fe-51f40438ac79,0b71a7ac-f0cc-470e-8c9f-abda86de25d7,OKX,709b1910-3e30-49b2-8e58-e300c17f1601,North Carolina Commissioner of Banks,USA,183802,01/05/2013,
54a11f8e-aff5-4dd2-bff1-5e6bfe9d9c7d,0b71a7ac-f0cc-470e-8c9f-abda86de25d7,OKX,740f203e-30c3-4fc6-aa15-fa89c114fc48,North Dakota Department of Financial Institutions. Consumer Division,USA,MT103502,01/05/2013,
61ea4100-184b-4b1b-a6d2-82025728fab2,0b71a7ac-f0cc-470e-8c9f-abda86de25d7,OKX,a24ff13d-a10d-41b7-ac5b-0ccb2c00efe4,Ohio Division of Financial Institutions,USA,OHMT194,01/05/2013,
4e7bf18c-60ca-479b-a7ad-f8d9d7b3dbfc,0b71a7ac-f0cc-470e-8c9f-abda86de25d7,OKX,3e3fe6a0-9112-4564-a4cc-167b0d79143b,Oklahoma State Banking Department,USA,,01/05/2013,
12de0ebd-f4b2-47a8-a3d8-7c72e15ae7ac,0b71a7ac-f0cc-470e-8c9f-abda86de25d7,OKX,c5069282-cafc-418c-81ef-eb4b3fc6fb34,Oregon Division of Financial Regulation,USA,30243,01/05/2013,
e11e733d-acdb-4a88-a14a-02342f46a35f,0b71a7ac-f0cc-470e-8c9f-abda86de25d7,OKX,f12330b2-ef4b-46f8-acfc-6f4281999ee8,Puerto Rico Office of the Commissioner of Financial Institutions Regulation and Licensing Division,USA,TM-116,01/05/2013,
6c9f9ddc-715d-47f1-a813-37bbda14a3bd,0b71a7ac-f0cc-470e-8c9f-abda86de25d7,OKX,712bd304-d084-437f-9a9e-dcac7cf02ca7,State of Rhode Island Department of Business Regulation Division of Banking,USA,20203954CT,01/05/2013,
9d6d9c80-dce8-4a22-9854-2476085d4387,0b71a7ac-f0cc-470e-8c9f-abda86de25d7,OKX,ef74576c-bf37-4bf9-b737-0f5b2c96d1ac,Office of the Attorney General,USA,,01/05/2013,
93f2e5e3-2e89-4ff2-8d90-215e89803336,0b71a7ac-f0cc-470e-8c9f-abda86de25d7,OKX,04d7a670-52d6-4d14-8347-dffe4943479a,South Dakota Department of Labor and Regulation Division of Banking,USA,MT.2178,01/05/2013,
72707e2b-d7c6-4d39-8fe8-85b8c0781c12,0b71a7ac-f0cc-470e-8c9f-abda86de25d7,OKX,5af99b87-4e9a-47a7-8608-499e43e1ffe4,Tennessee Department of Financial Institutions,USA,1767779,01/05/2013,
94088b41-eeae-4509-a55d-ae75336e31b6,0b71a7ac-f0cc-470e-8c9f-abda86de25d7,OKX,87088685-9636-45ab-a3da-6394d14403de,Department of Financial Regulation,USA,100-156,01/05/2013,
3123d8ce-9c89-4f8a-846f-541968caed70,0b71a7ac-f0cc-470e-8c9f-abda86de25d7,OKX,1d2e1cd4-703f-432c-9f5b-077776e383e4,Virginia State Corporation Commission Bureau of Financial Institutions,USA,MO-374,01/05/2013,
edc4c87a-209b-4cb7-abe4-d4273b95e5b3,0b71a7ac-f0cc-470e-8c9f-abda86de25d7,OKX,c3a53ef0-3acc-4c29-8b60-7e7ad172d48c,Washington State Department of Financial Institutions,USA,550-MT-119878,01/05/2013,
e3acfd0b-1a88-4966-a70c-b2d810d62f97,089d040e-b144-4f63-b784-30145874ae90,Revolut,68f759fc-417e-4a93-a716-4ea86757c06c,European Central Bank,DEU,LT304580906,07/01/2015,
413515de-3116-4069-b9e8-c06fb103254d,089d040e-b144-4f63-b784-30145874ae90,Revolut,d5f0a01d-8f0d-4db0-8d37-01c86106aca2,Financial Conduct Authority,GBR,900562,07/01/2015,
da2288e0-5cd2-4fa2-b56a-dc7deb2600ce,089d040e-b144-4f63-b784-30145874ae90,Revolut,d5f0a01d-8f0d-4db0-8d37-01c86106aca2,Financial Conduct Authority,GBR,933846,07/01/2015,
affd997b-09e9-42cc-81cf-0ec50f374366,089d040e-b144-4f63-b784-30145874ae90,Revolut,d5f0a01d-8f0d-4db0-8d37-01c86106aca2,Financial Conduct Authority,GBR,981170,07/01/2015,
f58468ae-8b06-41f6-9497-b44dbb827f42,089d040e-b144-4f63-b784-30145874ae90,Revolut,d5f0a01d-8f0d-4db0-8d37-01c86106aca2,Financial Conduct Authority,GBR,780586,07/01/2015,
08cfe920-1466-4831-b828-0079bd26b758,089d040e-b144-4f63-b784-30145874ae90,Revolut,d5f0a01d-8f0d-4db0-8d37-01c86106aca2,Financial Conduct Authority,GBR,975775,07/01/2015,
d5d17083-0de8-4e2f-8d87-f305c137e24b,089d040e-b144-4f63-b784-30145874ae90,Revolut,9ec251cc-35d7-4198-9e38-5a6d39cb5dc4,Registry of Legal Entities of the Republic of Lithuania,LTU,304580906,07/01/2015,
01fe3bdf-afa5-4970-9637-3776ed6e2788,089d040e-b144-4f63-b784-30145874ae90,Revolut,9ec251cc-35d7-4198-9e38-5a6d39cb5dc4,Registry of Legal Entities of the Republic of Lithuania,LTU,305820090,07/01/2015,
a9a12847-cf9f-47da-8021-6c38a1479335,089d040e-b144-4f63-b784-30145874ae90,Revolut,9ec251cc-35d7-4198-9e38-5a6d39cb5dc4,Registry of Legal Entities of the Republic of Lithuania,LTU,305910164,07/01/2015,
3402ccaf-cc5c-4cc0-9e18-76e2c260b294,089d040e-b144-4f63-b784-30145874ae90,Revolut,9ec251cc-35d7-4198-9e38-5a6d39cb5dc4,Registry of Legal Entities of the Republic of Lithuania,LTU,305229066,07/01/2015,
a4e5bf01-2f77-44d7-963b-34898857da94,089d040e-b144-4f63-b784-30145874ae90,Revolut,9ec251cc-35d7-4198-9e38-5a6d39cb5dc4,Registry of Legal Entities of the Republic of Lithuania,LTU,305799582,07/01/2015,
ab0b1b4a-47f1-49fc-8e73-b470a99dd48c,b68a8121-ef61-4ded-b035-699a263e2964,Robinhood,9ec251cc-35d7-4198-9e38-5a6d39cb5dc4,Registry of Legal Entities of the Republic of Lithuania,LTU,306377915,01/01/2018,
48cfad4e-fe68-410b-b11f-b25a43022f4a,b68a8121-ef61-4ded-b035-699a263e2964,Robinhood,ffffba06-1420-46f6-9d19-c84fbb977450,Organismo Agenti e Mediatori,ITA,PSV153,01/01/2018,
46bbc63f-55c7-469e-9a2b-07626cb23a9e,b68a8121-ef61-4ded-b035-699a263e2964,Robinhood,1af27f35-c657-4e77-b52f-88283357c464,Bank of Spain,ESP,E179,01/01/2018,
9e4e5c9e-e102-4c27-a67c-37fa6ebb92f2,b68a8121-ef61-4ded-b035-699a263e2964,Robinhood,5f4b69b8-a760-4d4b-98f9-47f56d868efa,Nationwide Multistate Licensing System and Registry (NMLS),USA,1702840,01/01/2018,
0fa30361-1e4c-4c36-990e-d4fb822df562,b68a8121-ef61-4ded-b035-699a263e2964,Robinhood,01a80e9b-d439-43a7-834b-33a7186d573d,Alabama Securities Commission,USA,784,01/01/2018,
8fee6f88-37c8-48ee-8246-a12856cf9e64,b68a8121-ef61-4ded-b035-699a263e2964,Robinhood,3fc33198-e71f-4f72-bf47-873371770efb,Division of Banking and Securities,USA,AKMT-011185,01/01/2018,
47af1696-3bd8-4401-b9a0-9f0d7bcf5859,b68a8121-ef61-4ded-b035-699a263e2964,Robinhood,b78c0a87-7225-4de2-82a6-a7dc4eece5f9,Arkansas Securities Department,USA,115595,01/01/2018,
ec2dc642-f4d5-4479-a3d1-c3ab3e6b9f39,b68a8121-ef61-4ded-b035-699a263e2964,Robinhood,8c200e9e-7cf0-4824-b739-da9daf5028c9,Connecticut Department of Banking,USA,MT-1702840,01/01/2018,
0fe1cf19-969c-45c4-9234-9f1ac3b3d889,b68a8121-ef61-4ded-b035-699a263e2964,Robinhood,ccff7c64-07b3-4231-8c2e-55b45cb628a6,Office of the State Bank Commissioner,USA,27622,01/01/2018,
1d5fb4bf-76d5-4184-8c5b-a6edd0a439d6,b68a8121-ef61-4ded-b035-699a263e2964,Robinhood,63749821-be37-4aee-8f17-197c871926a8,"District of Columbia Department of Financial Insurance, Securities, and Banking",USA,MTR1702840,01/01/2018,
2445db1d-a58d-4d15-8bb7-62786c5cb076,b68a8121-ef61-4ded-b035-699a263e2964,Robinhood,818c1d36-414b-4950-b5a8-3217dbe41e91,Georgia Department of Banking and Finance,USA,61417,01/01/2018,
a7bd0264-b58f-4cc6-8308-951db1f9a259,b68a8121-ef61-4ded-b035-699a263e2964,Robinhood,b3d78659-ddf6-4cc0-b986-632a0891dced,Idaho Department of Finance,USA,MTL-0229,01/01/2018,
951694a8-4c5d-4434-bd77-72fc6258ad1f,b68a8121-ef61-4ded-b035-699a263e2964,Robinhood,a94931e8-679f-45bf-998e-0035ab4b2aca,State of Iowa Division of Banking,USA,2018-0047,01/01/2018,
509c384e-20d9-40d6-8300-983555c27d61,b68a8121-ef61-4ded-b035-699a263e2964,Robinhood,d53e536f-ed0c-49ea-8fb6-fd8250096f3b,Office of the State Bank Commissioner,USA,MT.0000141,01/01/2018,
d3f3e8cc-f799-4ff7-8266-1fbfbd8b3907,b68a8121-ef61-4ded-b035-699a263e2964,Robinhood,74524eb6-cc6f-4600-93e8-395f0e784963,Louisiana Office of Financial Institutions,USA,,01/01/2018,
f15532e3-bf82-48df-96da-114809e82d70,b68a8121-ef61-4ded-b035-699a263e2964,Robinhood,4c400250-f973-4447-8dc0-e15c0f8082cd,Dept. of Professional & Financial Regulation,USA,,01/01/2018,
0ba63dbe-6e98-4f41-9d45-c90ea8336fde,b68a8121-ef61-4ded-b035-699a263e2964,Robinhood,afb91e3c-e292-435e-9e67-99fea6b3856d,Minnesota Department of Commerce and Financial Institutions,USA,MN-MT-1702840,01/01/2018,
a689e345-f378-4179-bc44-faae5869ab7f,b68a8121-ef61-4ded-b035-699a263e2964,Robinhood,e783503c-1e8d-4f51-8392-e9080eec96a8,Nebraska Department of Banking & Finance,USA,,01/01/2018,
e66f358d-f974-4351-b580-eae797b207b9,b68a8121-ef61-4ded-b035-699a263e2964,Robinhood,5eb0f4c4-4bac-463b-97c2-573a86784d54,Nevada Financial Institutions Division,USA,MT11196,01/01/2018,
25470d08-7af9-404d-9975-063fdfde63a4,b68a8121-ef61-4ded-b035-699a263e2964,Robinhood,024382dc-0e2c-4d80-943b-821390803227,New Hampshire Banking Department,USA,1702840MT,01/01/2018,
a244a97f-2ba0-46a8-83b6-6dc068063e82,b68a8121-ef61-4ded-b035-699a263e2964,Robinhood,8ebcf20d-41df-42e2-8ec4-f53a382e8079,New Mexico Regulation & Licensing Department Financial Institutions Division,USA,,01/01/2018,
cfef9f4f-14ce-4ef5-ba33-1f5277826b8c,b68a8121-ef61-4ded-b035-699a263e2964,Robinhood,1c86cfdc-dd39-43eb-9b77-93d4680e1f4e,New York State Department of Financial Services,USA,MT 104190,01/01/2018,
9130e401-91e2-4ddc-bab3-719af13e08e3,b68a8121-ef61-4ded-b035-699a263e2964,Robinhood,1c86cfdc-dd39-43eb-9b77-93d4680e1f4e,New York State Department of Financial Services,USA,12,01/01/2018,
100f0089-ad1d-4a27-a8a6-f40781aa6dd7,b68a8121-ef61-4ded-b035-699a263e2964,Robinhood,740f203e-30c3-4fc6-aa15-fa89c114fc48,North Dakota Department of Financial Institutions. Consumer Division,USA,MT103368,01/01/2018,
9232d598-1c84-4ce6-945a-ceb687fbc6df,b68a8121-ef61-4ded-b035-699a263e2964,Robinhood,a24ff13d-a10d-41b7-ac5b-0ccb2c00efe4,Ohio Division of Financial Institutions,USA,,01/01/2018,
7a3433c4-6b12-4eb8-8fc8-ff7167c58639,b68a8121-ef61-4ded-b035-699a263e2964,Robinhood,3e3fe6a0-9112-4564-a4cc-167b0d79143b,Oklahoma State Banking Department,USA,okdob001,01/01/2018,
d1c34f4b-b76c-4461-ad42-755a7f45cf03,b68a8121-ef61-4ded-b035-699a263e2964,Robinhood,c5069282-cafc-418c-81ef-eb4b3fc6fb34,Oregon Division of Financial Regulation,USA,30217,01/01/2018,
4d2b04a4-14f6-41c4-ae1b-6d59fbfc5590,b68a8121-ef61-4ded-b035-699a263e2964,Robinhood,f12330b2-ef4b-46f8-acfc-6f4281999ee8,Puerto Rico Office of the Commissioner of Financial Institutions Regulation and Licensing Division,USA,TM-161,01/01/2018,
0da854a7-f497-4d41-8b3f-6466f6575c26,b68a8121-ef61-4ded-b035-699a263e2964,Robinhood,712bd304-d084-437f-9a9e-dcac7cf02ca7,State of Rhode Island Department of Business Regulation Division of Banking,USA,20203964CT,01/01/2018,
ed5fe297-707f-4680-b834-f9cdfe5a428a,b68a8121-ef61-4ded-b035-699a263e2964,Robinhood,ef74576c-bf37-4bf9-b737-0f5b2c96d1ac,Office of the Attorney General,USA,,01/01/2018,
eff18ee9-23a5-4bea-9adc-3f58a6f912e3,b68a8121-ef61-4ded-b035-699a263e2964,Robinhood,04d7a670-52d6-4d14-8347-dffe4943479a,South Dakota Department of Labor and Regulation Division of Banking,USA,1702840.MT,01/01/2018,
de5167ff-6c53-4f36-b042-a8cc3e9dc091,b68a8121-ef61-4ded-b035-699a263e2964,Robinhood,87088685-9636-45ab-a3da-6394d14403de,Department of Financial Regulation,USA,100-142,01/01/2018,
19122158-1949-4c59-a2e6-84a9061b1efb,b68a8121-ef61-4ded-b035-699a263e2964,Robinhood,c3a53ef0-3acc-4c29-8b60-7e7ad172d48c,Washington State Department of Financial Institutions,USA,550-MT-115315,01/01/2018,
e1e8a754-a6d1-45a7-bd02-317a4c7baf6d,b68a8121-ef61-4ded-b035-699a263e2964,Robinhood,be26e395-1335-41c9-b183-34750752fa65,West Virginia Division of Financial Institutions,USA,WVMT-1702840,01/01/2018,
7dec6ae4-76f0-4304-a98e-9330ca1be214,b68a8121-ef61-4ded-b035-699a263e2964,Robinhood,268caef0-1a75-457d-8d9c-939d6912887c,Puerto Rico Bureau of Financial Institutions,PRI,TM-161,01/01/2018,
1730443d-9aec-4f37-bac2-ace4c3a21be2,b68a8121-ef61-4ded-b035-699a263e2964,Robinhood,5f4b69b8-a760-4d4b-98f9-47f56d868efa,Nationwide Multistate Licensing System and Registry (NMLS),USA,1990968,01/01/2018,
042b674d-51a1-4187-800f-8265f22d5318,b68a8121-ef61-4ded-b035-699a263e2964,Robinhood,01a80e9b-d439-43a7-834b-33a7186d573d,Alabama Securities Commission,USA,843,01/01/2018,
484bee1d-a33a-4c18-b9db-a60ec1294386,b68a8121-ef61-4ded-b035-699a263e2964,Robinhood,3fc33198-e71f-4f72-bf47-873371770efb,Division of Banking and Securities,USA,AKMT-016640,01/01/2018,
174968c8-0da1-42c5-97d2-d34c2c108826,b68a8121-ef61-4ded-b035-699a263e2964,Robinhood,07ef813c-035c-4386-8578-a8e7cdba42d7,Arizona Department of Financial Institutions,USA,1022668,01/01/2018,
297272ee-c991-44cf-aa46-62694807e7cf,b68a8121-ef61-4ded-b035-699a263e2964,Robinhood,b78c0a87-7225-4de2-82a6-a7dc4eece5f9,Arkansas Securities Department,USA,122792,01/01/2018,
30f4df86-1110-46a5-b664-5679ab174d44,b68a8121-ef61-4ded-b035-699a263e2964,Robinhood,2f5dc936-ceaf-4769-b25a-23e02104adfd,California Department of Financial Protection and Innovation,USA,2689,01/01/2018,
4abc3315-d981-4f01-8049-9d43704bf773,b68a8121-ef61-4ded-b035-699a263e2964,Robinhood,3cb09e23-8029-4d20-be71-2ce02665c087,Department of Regulatory Agencies,USA,500290,01/01/2018,
f992f379-5922-44ff-9c31-929000954bf6,b68a8121-ef61-4ded-b035-699a263e2964,Robinhood,8c200e9e-7cf0-4824-b739-da9daf5028c9,Connecticut Department of Banking,USA,MT-1990968,01/01/2018,
c824c5c2-26c3-4c11-83bb-77bb15e1651a,b68a8121-ef61-4ded-b035-699a263e2964,Robinhood,ccff7c64-07b3-4231-8c2e-55b45cb628a6,Office of the State Bank Commissioner,USA,333611,01/01/2018,
6466af19-7598-4d30-a6c9-49d18d2bbc76,b68a8121-ef61-4ded-b035-699a263e2964,Robinhood,63749821-be37-4aee-8f17-197c871926a8,"District of Columbia Department of Financial Insurance, Securities, and Banking",USA,MTR1990968,01/01/2018,
e3c28945-53d2-4ebb-9b7b-04024831bc2b,b68a8121-ef61-4ded-b035-699a263e2964,Robinhood,818c1d36-414b-4950-b5a8-3217dbe41e91,Georgia Department of Banking and Finance,USA,1990968,01/01/2018,
1db89cd1-c1a8-4a28-89a5-d49bde412d4f,b68a8121-ef61-4ded-b035-699a263e2964,Robinhood,b3d78659-ddf6-4cc0-b986-632a0891dced,Idaho Department of Finance,USA,MTL - 296,01/01/2018,
349b315f-67b9-41f6-9004-ae92ea6060e7,b68a8121-ef61-4ded-b035-699a263e2964,Robinhood,a38445dd-c2c7-4abc-938a-5d5e9cd3bce4,Illinois Department of Financial and Professional Regulation,USA,MT.0000414,01/01/2018,
c700649a-52e5-4d65-83f4-ca5fb5103e9b,b68a8121-ef61-4ded-b035-699a263e2964,Robinhood,f46327d3-31fa-4330-8913-f6cbbcf8d7a9,Department of Financial Institutions,USA,57564,01/01/2018,
0cbf797a-56e4-4fd5-9195-ed95806a53ff,b68a8121-ef61-4ded-b035-699a263e2964,Robinhood,a94931e8-679f-45bf-998e-0035ab4b2aca,State of Iowa Division of Banking,USA,2021-0062,01/01/2018,
c2aaed31-2225-4589-95ec-bf08104f8169,b68a8121-ef61-4ded-b035-699a263e2964,Robinhood,d53e536f-ed0c-49ea-8fb6-fd8250096f3b,Office of the State Bank Commissioner,USA,MT.0000194,01/01/2018,
7db51080-5eca-4471-be51-3b06a99cab5b,b68a8121-ef61-4ded-b035-699a263e2964,Robinhood,736108f9-11fc-4799-8659-b3ee70e52917,Kentucky Department of Financial Institutions,USA,SC745049,01/01/2018,
e6a83185-9680-449d-8e06-f519447c2cc4,b68a8121-ef61-4ded-b035-699a263e2964,Robinhood,74524eb6-cc6f-4600-93e8-395f0e784963,Louisiana Office of Financial Institutions,USA,,01/01/2018,
8c490075-b752-4c77-ace6-1be080a43da7,b68a8121-ef61-4ded-b035-699a263e2964,Robinhood,4c400250-f973-4447-8dc0-e15c0f8082cd,Dept. of Professional & Financial Regulation,USA,,01/01/2018,
4d17ab40-759a-4256-b507-3550a28c6f85,b68a8121-ef61-4ded-b035-699a263e2964,Robinhood,0be7fce5-e05d-4616-9237-f13bd7a17984,"Maryland Department of Labor, Licensing & Regulation",USA,1990968,01/01/2018,
2e3a18da-3d03-4ac3-9f6c-ce9cf2c211a1,b68a8121-ef61-4ded-b035-699a263e2964,Robinhood,dfae71d2-23d6-4c04-9c34-03933f11899e,Michigan Department of Insurance and Financial Institutions,USA,MT0023498,01/01/2018,
51fac0fd-ab54-441a-b13a-7877c59c20b6,b68a8121-ef61-4ded-b035-699a263e2964,Robinhood,afb91e3c-e292-435e-9e67-99fea6b3856d,Minnesota Department of Commerce and Financial Institutions,USA,MN-MT-1990968,01/01/2018,
d0293382-c17c-41a7-b16b-ffcbf43ed9d4,b68a8121-ef61-4ded-b035-699a263e2964,Robinhood,b5ff5573-3118-432f-92d2-30f0776f3753,Mississippi Department of Banking and Consumer Finance,USA,1990968,01/01/2018,
3e3028b2-99d9-4f26-8722-f0866c218d95,b68a8121-ef61-4ded-b035-699a263e2964,Robinhood,d639606d-6575-4447-86b4-038b85569e17,Missouri Division of Finance,USA,MO-25-8903,01/01/2018,
6774f8c6-d4dc-41f9-bb90-3de968baefee,b68a8121-ef61-4ded-b035-699a263e2964,Robinhood,e783503c-1e8d-4f51-8392-e9080eec96a8,Nebraska Department of Banking & Finance,USA,,01/01/2018,
2fc0e42d-d618-42f4-9d88-b35e883086c0,b68a8121-ef61-4ded-b035-699a263e2964,Robinhood,5eb0f4c4-4bac-463b-97c2-573a86784d54,Nevada Financial Institutions Division,USA,MT11153,01/01/2018,
bf810d8f-85cb-4751-8cc6-b5b1bd0c95f2,b68a8121-ef61-4ded-b035-699a263e2964,Robinhood,024382dc-0e2c-4d80-943b-821390803227,New Hampshire Banking Department,USA,1990968MT,01/01/2018,
763c66ba-d240-4a7e-b159-73c38089b0bd,b68a8121-ef61-4ded-b035-699a263e2964,Robinhood,8ebcf20d-41df-42e2-8ec4-f53a382e8079,New Mexico Regulation & Licensing Department Financial Institutions Division,USA,,01/01/2018,
6f334657-5d1e-4cdc-9aeb-660cca406ee8,b68a8121-ef61-4ded-b035-699a263e2964,Robinhood,709b1910-3e30-49b2-8e58-e300c17f1601,North Carolina Commissioner of Banks,USA,198880,01/01/2018,
2ead31ad-efae-4565-b378-0f320410c3a5,b68a8121-ef61-4ded-b035-699a263e2964,Robinhood,740f203e-30c3-4fc6-aa15-fa89c114fc48,North Dakota Department of Financial Institutions. Consumer Division,USA,MT103772,01/01/2018,
cff02369-a8fe-4dda-abec-15e654ec575d,b68a8121-ef61-4ded-b035-699a263e2964,Robinhood,a24ff13d-a10d-41b7-ac5b-0ccb2c00efe4,Ohio Division of Financial Institutions,USA,OHMT210,01/01/2018,
9232df13-c29f-4109-99d8-0bca68e155e0,b68a8121-ef61-4ded-b035-699a263e2964,Robinhood,3e3fe6a0-9112-4564-a4cc-167b0d79143b,Oklahoma State Banking Department,USA,,01/01/2018,
7e7cce91-0842-46ef-82ba-4c6f59a2507a,b68a8121-ef61-4ded-b035-699a263e2964,Robinhood,c5069282-cafc-418c-81ef-eb4b3fc6fb34,Oregon Division of Financial Regulation,USA,1990968,01/01/2018,
8ab8912d-2e54-453e-b6bd-d5c0fbcf3b21,b68a8121-ef61-4ded-b035-699a263e2964,Robinhood,991cc30c-8d95-4cd1-8a36-e4a9c51b9396,Pennsylvania Department of Banking and Securities,USA,82604,01/01/2018,
6f96f879-a88f-4f66-af0e-8fc6cea9d270,b68a8121-ef61-4ded-b035-699a263e2964,Robinhood,712bd304-d084-437f-9a9e-dcac7cf02ca7,State of Rhode Island Department of Business Regulation Division of Banking,USA,20214261CT,01/01/2018,
525072ca-1459-49af-a147-1e64599faade,b68a8121-ef61-4ded-b035-699a263e2964,Robinhood,ef74576c-bf37-4bf9-b737-0f5b2c96d1ac,Office of the Attorney General,USA,,01/01/2018,
f29b0a25-2b3b-4308-ba71-fc3075975f16,b68a8121-ef61-4ded-b035-699a263e2964,Robinhood,04d7a670-52d6-4d14-8347-dffe4943479a,South Dakota Department of Labor and Regulation Division of Banking,USA,1990968.MT,01/01/2018,
f70a3b80-c41b-45cd-8f48-8ca2b894d94b,b68a8121-ef61-4ded-b035-699a263e2964,Robinhood,5af99b87-4e9a-47a7-8608-499e43e1ffe4,Tennessee Department of Financial Institutions,USA,1990968,01/01/2018,
19e6ccad-871d-4cc1-8282-0d4c2371ca6f,b68a8121-ef61-4ded-b035-699a263e2964,Robinhood,df01eed0-20c9-4ea9-9845-f2697044b79e,Texas Department of Banking,USA,3535,01/01/2018,
413ae8b1-fabb-4d93-a78d-d31aa0003cfc,b68a8121-ef61-4ded-b035-699a263e2964,Robinhood,03e27ea3-7059-4488-8fe3-6e39f28bb872,Utah Department of Financial Institutions,USA,207,01/01/2018,
48384fef-02ba-4bbb-8eb6-291d7a9eab23,b68a8121-ef61-4ded-b035-699a263e2964,Robinhood,87088685-9636-45ab-a3da-6394d14403de,Department of Financial Regulation,USA,MT-1990968,01/01/2018,
01d32530-8ed7-4f50-ac5b-4b1b6274e7b8,b68a8121-ef61-4ded-b035-699a263e2964,Robinhood,1d2e1cd4-703f-432c-9f5b-077776e383e4,Virginia State Corporation Commission Bureau of Financial Institutions,USA,MO-417,01/01/2018,
30ee28b5-cd7f-43d4-a28e-bd6bcd4645bb,b68a8121-ef61-4ded-b035-699a263e2964,Robinhood,c3a53ef0-3acc-4c29-8b60-7e7ad172d48c,Washington State Department of Financial Institutions,USA,550-MT-133242,01/01/2018,
b69327e3-7aac-48be-9174-a70618478350,b68a8121-ef61-4ded-b035-699a263e2964,Robinhood,be26e395-1335-41c9-b183-34750752fa65,West Virginia Division of Financial Institutions,USA,WVMT-1990968,01/01/2018,
3952f4a5-88bc-4734-aa63-2ef36631dab7,b68a8121-ef61-4ded-b035-699a263e2964,Robinhood,225d60f5-4a6a-4e87-97ba-8274ebc4bdda,Department of Financial Institutions,USA,265-MT,01/01/2018,
fbe4b815-8ff9-4cf3-8637-50e6044fddb2,b68a8121-ef61-4ded-b035-699a263e2964,Robinhood,a9f788ab-4f49-4386-9547-ab5742fe020a,Wyoming Department of Audit Division of Banking,USA,7279,01/01/2018,
01002e5a-f330-408d-95ee-8dfe995b70d9,c257bf8f-6054-49fc-b75e-73299660b2b7,SwissBorg,5467d8b1-4ee0-41b8-99f3-08d25afe5206,Financial Intelligence Unit,EST,FVT000326,01/01/2017,
95383947-74b6-44a1-a3f5-45e577db3ce5,c257bf8f-6054-49fc-b75e-73299660b2b7,SwissBorg,9d4895d3-7d75-44b2-8c4f-5b01e99fb413,Autorité des Marchés Financiers,FRA,E2022-034,01/01/2017,
74f375de-871e-4d0d-af99-bfa403610c69,c257bf8f-6054-49fc-b75e-73299660b2b7,SwissBorg,06fb7436-a6cf-4aec-a1e5-0db15c2bb4a6,De Nederlandsche Bank,NLD,R182870,01/01/2017,
f2d371db-b5cf-4604-b2da-c64048a5e639,f0c651b9-1d2b-493a-8424-305c19b297bd,Uphold,3441d8d1-3473-44c1-8c49-3c675ed74d26,Financial Crimes Enforcement Network,USA,31000289584211,01/01/2013,
6a675e18-9f6f-47c4-aa9a-1d36b0c340df,f0c651b9-1d2b-493a-8424-305c19b297bd,Uphold,d5f0a01d-8f0d-4db0-8d37-01c86106aca2,Financial Conduct Authority,GBR,900577,01/01/2013,
0d1eb0c0-9a4e-4b4f-98cd-ba60b8517484,f0c651b9-1d2b-493a-8424-305c19b297bd,Uphold,d5f0a01d-8f0d-4db0-8d37-01c86106aca2,Financial Conduct Authority,GBR,938277,01/01/2013,
40235393-dc14-4554-8a3b-77fce6944306,f0c651b9-1d2b-493a-8424-305c19b297bd,Uphold,ea9ac665-3637-4683-956d-5ad5df2762ae,Financial Transactions and Reports Analysis Centre of Canada,CAN,M21639172,01/01/2013,
095865a1-8545-4820-9bbc-90f2cd09bf86,f0c651b9-1d2b-493a-8424-305c19b297bd,Uphold,9ec251cc-35d7-4198-9e38-5a6d39cb5dc4,Registry of Legal Entities of the Republic of Lithuania,LTU,305967101,01/01/2013,
c7091996-911a-4344-afde-742f525ef9a0,f0c651b9-1d2b-493a-8424-305c19b297bd,Uphold,5f4b69b8-a760-4d4b-98f9-47f56d868efa,Nationwide Multistate Licensing System and Registry (NMLS),USA,1269875,01/01/2013,
2a5aecff-945b-47c4-a614-4dca5d800a99,f0c651b9-1d2b-493a-8424-305c19b297bd,Uphold,b68b645d-d3f8-4e91-b357-1436b6dd290c,Financial Services Authority Seychelles,SYC,220435,01/01/2013,
6dcfd098-3c77-4fa3-9911-04a3fc7d23c6,f0c651b9-1d2b-493a-8424-305c19b297bd,Uphold,01a80e9b-d439-43a7-834b-33a7186d573d,Alabama Securities Commission,USA,541,01/01/2013,
ef4d9a95-a2f2-4ab9-a73b-4c727607851f,f0c651b9-1d2b-493a-8424-305c19b297bd,Uphold,3fc33198-e71f-4f72-bf47-873371770efb,Division of Banking and Securities,USA,AKMT-013089,01/01/2013,
f294b4d0-bfba-42c4-af3f-628f9194cd87,f0c651b9-1d2b-493a-8424-305c19b297bd,Uphold,07ef813c-035c-4386-8578-a8e7cdba42d7,Arizona Department of Financial Institutions,USA,1000828,01/01/2013,
f9c602f1-9e98-4169-9a37-c6f5206f2ef2,f0c651b9-1d2b-493a-8424-305c19b297bd,Uphold,b78c0a87-7225-4de2-82a6-a7dc4eece5f9,Arkansas Securities Department,USA,116842,01/01/2013,
1bfd3988-6f2b-4af5-8951-829ab9747778,f0c651b9-1d2b-493a-8424-305c19b297bd,Uphold,8c200e9e-7cf0-4824-b739-da9daf5028c9,Connecticut Department of Banking,USA,MT-1269875,01/01/2013,
659b1321-fde2-44b2-ab05-3cc5fc018330,f0c651b9-1d2b-493a-8424-305c19b297bd,Uphold,ccff7c64-07b3-4231-8c2e-55b45cb628a6,Office of the State Bank Commissioner,USA,21377,01/01/2013,
edbbe51d-31fc-4534-b1b9-95d2b08de059,f0c651b9-1d2b-493a-8424-305c19b297bd,Uphold,63749821-be37-4aee-8f17-197c871926a8,"District of Columbia Department of Financial Insurance, Securities, and Banking",USA,MTR1269875,01/01/2013,
ae6de0c0-cefd-4945-8d8c-df2b96de0391,f0c651b9-1d2b-493a-8424-305c19b297bd,Uphold,818c1d36-414b-4950-b5a8-3217dbe41e91,Georgia Department of Banking and Finance,USA,1269875,01/01/2013,
6d0b147c-8021-4072-84da-f53b39a46fde,f0c651b9-1d2b-493a-8424-305c19b297bd,Uphold,b3d78659-ddf6-4cc0-b986-632a0891dced,Idaho Department of Finance,USA,"-268,00 MTL",01/01/2013,
40d8e018-d156-4851-b98b-67bd5f9d1192,f0c651b9-1d2b-493a-8424-305c19b297bd,Uphold,a38445dd-c2c7-4abc-938a-5d5e9cd3bce4,Illinois Department of Financial and Professional Regulation,USA,MT.0000357,01/01/2013,
a96cd4d7-c434-4aab-a21d-01ceb06e295d,f0c651b9-1d2b-493a-8424-305c19b297bd,Uphold,f46327d3-31fa-4330-8913-f6cbbcf8d7a9,Department of Financial Institutions,USA,45442,01/01/2013,
2d2f5336-b948-462f-9091-7b6a703654cd,f0c651b9-1d2b-493a-8424-305c19b297bd,Uphold,a94931e8-679f-45bf-998e-0035ab4b2aca,State of Iowa Division of Banking,USA,2015-0181,01/01/2013,
cd52e4ff-3cd8-4fc4-b82e-144758fabdff,f0c651b9-1d2b-493a-8424-305c19b297bd,Uphold,d53e536f-ed0c-49ea-8fb6-fd8250096f3b,Office of the State Bank Commissioner,USA,MT.0000152,01/01/2013,
0cc33b0e-0e47-4f22-bd9d-cd2a4fbad072,f0c651b9-1d2b-493a-8424-305c19b297bd,Uphold,736108f9-11fc-4799-8659-b3ee70e52917,Kentucky Department of Financial Institutions,USA,SC701458,01/01/2013,
2478d31b-0593-46a3-9d73-d2f58050aa16,f0c651b9-1d2b-493a-8424-305c19b297bd,Uphold,4c400250-f973-4447-8dc0-e15c0f8082cd,Dept. of Professional & Financial Regulation,USA,,01/01/2013,
5920d427-494c-427a-96f8-f76da029b995,f0c651b9-1d2b-493a-8424-305c19b297bd,Uphold,0be7fce5-e05d-4616-9237-f13bd7a17984,"Maryland Department of Labor, Licensing & Regulation",USA,1269875,01/01/2013,
b5b52e40-2f24-4850-8928-417fdfac9719,f0c651b9-1d2b-493a-8424-305c19b297bd,Uphold,dfae71d2-23d6-4c04-9c34-03933f11899e,Michigan Department of Insurance and Financial Institutions,USA,MT0020224,01/01/2013,
b1357cdc-3edb-4098-911c-247798a87ea8,f0c651b9-1d2b-493a-8424-305c19b297bd,Uphold,afb91e3c-e292-435e-9e67-99fea6b3856d,Minnesota Department of Commerce and Financial Institutions,USA,MN-MT-1269875,01/01/2013,
efe58ee8-4030-487b-8611-468cdaa83076,f0c651b9-1d2b-493a-8424-305c19b297bd,Uphold,b5ff5573-3118-432f-92d2-30f0776f3753,Mississippi Department of Banking and Consumer Finance,USA,1269875,01/01/2013,
9601441f-e10a-4184-8f67-75a20cfbe0ff,f0c651b9-1d2b-493a-8424-305c19b297bd,Uphold,d639606d-6575-4447-86b4-038b85569e17,Missouri Division of Finance,USA,MO-25-9210,01/01/2013,
bbd86959-6874-4049-a5c8-b40a03e3fb72,f0c651b9-1d2b-493a-8424-305c19b297bd,Uphold,d639606d-6575-4447-86b4-038b85569e17,Missouri Division of Finance,USA,MO-22-8620,01/01/2013,
1c1d6bd8-a0d1-4d84-b8f0-b027abb8ce6f,f0c651b9-1d2b-493a-8424-305c19b297bd,Uphold,e783503c-1e8d-4f51-8392-e9080eec96a8,Nebraska Department of Banking & Finance,USA,,01/01/2013,
8923e846-124d-4713-a09b-d1df9080f8bb,f0c651b9-1d2b-493a-8424-305c19b297bd,Uphold,5eb0f4c4-4bac-463b-97c2-573a86784d54,Nevada Financial Institutions Division,USA,MT11169,01/01/2013,
7fc9dcd9-a6a2-4200-b119-5e8fbb1b498f,f0c651b9-1d2b-493a-8424-305c19b297bd,Uphold,024382dc-0e2c-4d80-943b-821390803227,New Hampshire Banking Department,USA,1269875MT,01/01/2013,
bbc122fe-6e65-4aa0-850b-f8e8850e54fe,f0c651b9-1d2b-493a-8424-305c19b297bd,Uphold,8ebcf20d-41df-42e2-8ec4-f53a382e8079,New Mexico Regulation & Licensing Department Financial Institutions Division,USA,,01/01/2013,
785770f4-31c0-402a-a97e-ad4354037e79,f0c651b9-1d2b-493a-8424-305c19b297bd,Uphold,709b1910-3e30-49b2-8e58-e300c17f1601,North Carolina Commissioner of Banks,USA,184705,01/01/2013,
c6350b11-794f-41db-9762-9e9df0fb0289,f0c651b9-1d2b-493a-8424-305c19b297bd,Uphold,740f203e-30c3-4fc6-aa15-fa89c114fc48,North Dakota Department of Financial Institutions. Consumer Division,USA,MT102971,01/01/2013,
95fb1fca-86a9-41e6-ac00-8d0b5ce8eee0,f0c651b9-1d2b-493a-8424-305c19b297bd,Uphold,a24ff13d-a10d-41b7-ac5b-0ccb2c00efe4,Ohio Division of Financial Institutions,USA,OHMT189,01/01/2013,
c4f2c380-170c-4a89-9bcc-d06cbc689070,f0c651b9-1d2b-493a-8424-305c19b297bd,Uphold,3e3fe6a0-9112-4564-a4cc-167b0d79143b,Oklahoma State Banking Department,USA,,01/01/2013,
1c13490e-10af-4bcc-bc6a-38aff0911276,f0c651b9-1d2b-493a-8424-305c19b297bd,Uphold,c5069282-cafc-418c-81ef-eb4b3fc6fb34,Oregon Division of Financial Regulation,USA,30241,01/01/2013,
4430c2e2-c5ce-4be9-bb5e-2fdd9231724c,f0c651b9-1d2b-493a-8424-305c19b297bd,Uphold,991cc30c-8d95-4cd1-8a36-e4a9c51b9396,Pennsylvania Department of Banking and Securities,USA,92514,01/01/2013,
157c8657-b809-4382-920c-245789cf2095,f0c651b9-1d2b-493a-8424-305c19b297bd,Uphold,f12330b2-ef4b-46f8-acfc-6f4281999ee8,Puerto Rico Office of the Commissioner of Financial Institutions Regulation and Licensing Division,USA,TM-120,01/01/2013,
74945e35-b9d8-42c0-8b2c-a43adfae2556,f0c651b9-1d2b-493a-8424-305c19b297bd,Uphold,712bd304-d084-437f-9a9e-dcac7cf02ca7,State of Rhode Island Department of Business Regulation Division of Banking,USA,20203979CT,01/01/2013,
dc1eea88-b6ff-4fb9-a732-cb88f7e1d24e,f0c651b9-1d2b-493a-8424-305c19b297bd,Uphold,ef74576c-bf37-4bf9-b737-0f5b2c96d1ac,Office of the Attorney General,USA,,01/01/2013,
5e8ee065-2b49-406d-9e8a-01c0e23e883c,f0c651b9-1d2b-493a-8424-305c19b297bd,Uphold,04d7a670-52d6-4d14-8347-dffe4943479a,South Dakota Department of Labor and Regulation Division of Banking,USA,1269875.MT,01/01/2013,
07839204-204f-45a5-9818-0c944a345e13,f0c651b9-1d2b-493a-8424-305c19b297bd,Uphold,5af99b87-4e9a-47a7-8608-499e43e1ffe4,Tennessee Department of Financial Institutions,USA,1269875,01/01/2013,
ff23c4c2-df62-4479-b5f5-7557ce53f3bf,f0c651b9-1d2b-493a-8424-305c19b297bd,Uphold,df01eed0-20c9-4ea9-9845-f2697044b79e,Texas Department of Banking,USA,3164,01/01/2013,
c9e938cc-8974-4fcc-b152-ce31f477ac5f,f0c651b9-1d2b-493a-8424-305c19b297bd,Uphold,03e27ea3-7059-4488-8fe3-6e39f28bb872,Utah Department of Financial Institutions,USA,177,01/01/2013,
2b66d73b-7771-4ec5-b324-b0c055f93c8d,f0c651b9-1d2b-493a-8424-305c19b297bd,Uphold,87088685-9636-45ab-a3da-6394d14403de,Department of Financial Regulation,USA,100-151,01/01/2013,
4e1a0ca9-eddd-4a8a-b9c7-702128aff67d,f0c651b9-1d2b-493a-8424-305c19b297bd,Uphold,1d2e1cd4-703f-432c-9f5b-077776e383e4,Virginia State Corporation Commission Bureau of Financial Institutions,USA,MO-395,01/01/2013,
2ef9eb04-d035-4b90-b449-8adab20c9a8d,f0c651b9-1d2b-493a-8424-305c19b297bd,Uphold,c3a53ef0-3acc-4c29-8b60-7e7ad172d48c,Washington State Department of Financial Institutions,USA,550-MT-100543,01/01/2013,
42d40763-0bfa-428d-a150-706e53c79697,f0c651b9-1d2b-493a-8424-305c19b297bd,Uphold,be26e395-1335-41c9-b183-34750752fa65,West Virginia Division of Financial Institutions,USA,WVMT-1269875,01/01/2013,
ed279bbc-4b4a-49c4-81e1-6045567f3f75,f0c651b9-1d2b-493a-8424-305c19b297bd,Uphold,a9f788ab-4f49-4386-9547-ab5742fe020a,Wyoming Department of Audit Division of Banking,USA,7342,01/01/2013,
7ba2a9e2-d94e-471d-bc78-52039d42a499,d0a9ee67-8162-44c2-a787-bbee1cea78de,Wirex,5f4b69b8-a760-4d4b-98f9-47f56d868efa,Nationwide Multistate Licensing System and Registry (NMLS),USA,1838367,01/01/2014,
53db2577-002e-4262-8c89-0b71e66323dd,d0a9ee67-8162-44c2-a787-bbee1cea78de,Wirex,818c1d36-414b-4950-b5a8-3217dbe41e91,Georgia Department of Banking and Finance,USA,67727,01/01/2014,
054c7fb0-711d-4256-9b71-a58af244d3fd,d0a9ee67-8162-44c2-a787-bbee1cea78de,Wirex,78ad2d0d-2626-4cff-a292-06e2866282f4,Malta Financial Services Authority,MLT,C 91879,01/01/2014,
7f94a961-95c4-49bc-89e0-60c26f558493,d0a9ee67-8162-44c2-a787-bbee1cea78de,Wirex,ffffba06-1420-46f6-9d19-c84fbb977450,Organismo Agenti e Mediatori,ITA,PSV108,01/01/2014,
8cdabd93-6a1c-4ae7-9a28-4cea1992f39e,d0a9ee67-8162-44c2-a787-bbee1cea78de,Wirex,9ec251cc-35d7-4198-9e38-5a6d39cb5dc4,Registry of Legal Entities of the Republic of Lithuania,LTU,305118023,01/01/2014,
0762fc8e-0d57-421c-b46d-2b631a6c2d71,d0a9ee67-8162-44c2-a787-bbee1cea78de,Wirex,d5f0a01d-8f0d-4db0-8d37-01c86106aca2,Financial Conduct Authority,GBR,902025,01/01/2014,
3e64f571-bc52-487d-aee4-e745a13500b3,d0a9ee67-8162-44c2-a787-bbee1cea78de,Wirex,d5f0a01d-8f0d-4db0-8d37-01c86106aca2,Financial Conduct Authority,GBR,902011,01/01/2014,
